Date,Time,HomeTeam,AwayTeam,Season,FTHG,FTAG,FTR,Home_Elo,Away_Elo,Home_xG_Rolling5,Away_xGA_Rolling5,Home_PPG,Home_ShotOnTargetDifference_RollingTeam7,Away_ShotOnTargetDifference_RollingTeam7,Away_xG_Rolling5,Home_xGA_Rolling5,Away_PPG,B365HomeOdds,B365DrawOdds,B365AwayOdds
2026-08-21,20:00,Arsenal,Coventry,26-27,3.0,0.0,H,1994.9698549494994,1440.0,2.0459311848100814,,2.236842105263158,2.4293863111516734,,,0.8431029440906365,1.0,1.2,7.0,13.0
2026-08-22,12:30,Hull,Man United,26-27,2.0,0.0,H,1524.0,1880.6879898256657,,1.3047781707737742,1.0,,1.979599939105494,1.451091556077596,,1.868421052631579,8.5,5.0,1.36
2026-08-22,15:00,Everton,Crystal Palace,26-27,2.0,0.0,H,1774.925099980423,1771.912665894323,1.375456511310564,1.6789489397170436,1.2894736842105263,-0.16024255932794812,-1.0151312285688883,1.3417625034116705,1.3687627736020715,1.1842105263157894,2.15,3.5,3.3
2026-08-22,15:00,Ipswich,Sunderland,26-27,2.0,1.0,H,1522.0,1722.3721919721675,0.8948086500223811,1.894592223926358,1.0,-2.251826448575999,-0.6902459869860273,1.18048035104668,1.861063359698398,1.4210526315789473,2.7,3.3,2.63
2026-08-22,15:00,Nott'm Forest,Leeds,26-27,0.0,1.0,A,1780.3451786379787,1774.9048326719928,1.470378147414151,1.7564315118088136,1.1578947368421053,-0.0633786703155664,-1.160918669383553,1.6300425668906786,1.3829497259198469,1.236842105263158,2.3,3.4,3.1
2026-08-22,17:30,Brentford,Tottenham,26-27,3.0,0.0,H,1806.891605792819,1722.196621459954,2.1264580585166057,1.3543689098221618,1.394736842105263,-1.8182952993808532,0.710911534432429,1.254169527398567,1.3351470089862207,1.0789473684210527,2.4,3.7,2.75
2026-08-23,14:00,Brighton,Aston Villa,26-27,4.0,0.0,H,1815.1686176316111,1868.347574143593,1.6457003595883468,1.6166155950345544,1.394736842105263,1.3375032070621806,0.1975131983335095,1.519970384746554,1.1658504789690074,1.7105263157894737,2.15,3.6,3.0
2026-08-23,14:00,Man City,Bournemouth,26-27,2.0,1.0,H,1978.695404663787,1846.9972505185965,2.313838855064244,2.0102308578372043,2.0526315789473686,2.3370011447528523,0.6076939325398542,1.766673205064417,1.237343624851815,1.5,1.48,4.5,6.25
2026-08-23,16:30,Newcastle,Liverpool,26-27,2.0,2.0,D,1799.6385988689206,1885.6577626310766,2.161170924732906,1.8188715533533883,1.2894736842105263,-0.5848476492799775,0.3676548369752288,1.6312575186990559,1.8174732993976779,1.5789473684210527,4.0,3.8,1.9
2026-08-24,20:00,Fulham,Chelsea,26-27,2.0,3.0,A,1787.5646996604378,1811.86568173499,1.5854856749906814,1.5938938001807765,1.368421052631579,-0.09425382187465146,-0.9848122653900413,1.5811833859980997,1.224600776109844,1.368421052631579,3.6,3.8,1.9
2026-08-28,20:00,Crystal Palace,Man City,26-27,1.0,4.0,A,1761.999368544398,1985.0765156193536,1.8321698238647848,1.3480055836567475,1.1842105263157894,-1.013113731282555,2.292067655582776,1.9372537832119776,1.7759250714779773,2.0526315789473686,5.0,3.9,1.67
2026-08-29,12:30,Liverpool,Nott'm Forest,26-27,2.0,2.0,D,1883.2313090593632,1770.1886056905012,1.9125716931109884,2.1279822319871893,1.5789473684210527,0.7186342170643354,-0.1882615231756127,1.3979650105977872,1.2279422837367138,1.1578947368421053,1.5,4.5,5.75
2026-08-29,15:00,Bournemouth,Everton,26-27,1.0,1.0,D,1840.61613956303,1784.838397330348,1.8611370190792746,1.8321055666206907,1.5,0.2600013834163677,-0.005543540390024188,1.2863565397961063,1.0254988343402156,1.2894736842105263,2.05,3.5,3.6
2026-08-29,15:00,Coventry,Hull,26-27,0.0,1.0,A,1439.2126590526018,1541.725534445954,,,1.0,-5.0,-1.0,,,1.0,1.9,3.5,4.2
2026-08-29,17:30,Tottenham,Newcastle,26-27,0.0,2.0,A,1714.5871730231297,1802.065052440634,1.4099545999344256,1.5998526029256759,1.0789473684210527,0.08278995173322437,-0.9068679856641407,1.0905421385728635,1.5679538310332035,1.2894736842105263,2.25,3.75,2.9
2026-08-30,14:00,Chelsea,Brighton,26-27,4.0,3.0,H,1821.1673816031991,1826.6873890434506,1.8790495058917622,1.5428704052558024,1.368421052631579,-0.8535039539778829,1.9591694904352792,1.5424084969598915,1.6178521075100112,1.394736842105263,1.83,4.0,4.0
2026-08-30,14:00,Leeds,Brentford,26-27,1.0,1.0,D,1785.0614056194704,1814.5010542296434,1.6858881148955538,2.102077805552687,1.236842105263158,-0.871706124246817,-1.0425225374967244,1.2628080071541792,1.2917123720721955,1.394736842105263,2.6,3.3,2.7
2026-08-30,14:00,Sunderland,Fulham,26-27,1.0,0.0,H,1707.1694362826415,1778.2629997922286,1.3391976634142182,2.0227776307270777,1.4210526315789473,-0.46402722608151126,-0.08168664472886204,1.1826334280105992,1.3012777412395165,1.368421052631579,2.4,3.2,3.1
2026-08-30,16:30,Man United,Ipswich,26-27,5.0,2.0,H,1862.9624553797116,1537.202755689526,2.3185708638627585,2.1878341897895517,1.868421052631579,1.8489866045808159,-2.0842847828984903,1.1053809453492263,1.3361623163556204,1.0,1.42,5.0,7.0
2026-08-31,20:00,Aston Villa,Arsenal,26-27,0.0,1.0,A,1856.8288027317535,1995.7571958968977,1.8216984905823765,1.0730297049817057,1.7105263157894737,-0.6288219536819184,2.772134827430527,2.1717013582457065,1.3174194351574824,2.236842105263158,6.0,4.1,1.53
2026-09-04,20:00,Ipswich,Liverpool,26-27,0.0,2.0,A,1534.54398632984,1880.087827638461,0.9923446762255853,1.788967913559161,1.0,-2.6080911629248207,0.7561496571067674,1.8313169085087306,1.7643868568583456,1.5789473684210527,5.25,4.75,1.5
2026-09-05,12:30,Newcastle,Bournemouth,26-27,2.0,2.0,D,1809.5991260559306,1839.0243787296681,2.085616021933686,2.07214079811197,1.2894736842105263,-1.3192856130544512,-0.04133215298864908,1.6254204687371694,1.9926977456137007,1.5,2.1,3.6,3.3
2026-09-05,15:00,Brentford,Sunderland,26-27,1.0,1.0,D,1813.6557351555218,1719.187584632302,2.38186713375697,1.8507431375531258,1.394736842105263,-0.5035194991979436,0.13312701317993927,1.180048983461345,1.2579460858276665,1.4210526315789473,1.62,3.9,5.5
2026-09-05,15:00,Brighton,Leeds,26-27,1.0,1.0,D,1816.5285238247955,1785.906724693592,1.9601211289671208,1.6009095028694909,1.394736842105263,1.6979468755724312,-1.15640862401535,1.4654635804623621,1.0470740927162498,1.236842105263158,1.95,3.5,3.9
2026-09-05,15:00,Fulham,Crystal Palace,26-27,2.0,3.0,A,1766.244851442568,1757.6624259635523,1.563024668877297,1.6485281865435368,1.368421052631579,-0.6041284577077575,-1.9446986246641882,1.4603503118084868,1.4058777298081142,1.1842105263157894,2.3,3.25,3.25
2026-09-05,15:00,Man City,Coventry,26-27,1.0,0.0,H,1989.4134582001993,1432.0804738386232,2.335257664794503,1.85424,2.0526315789473686,3.053125348522666,-1.785714285714286,0.558336,1.166685712538474,1.0,1.18,8.0,12.0
2026-09-05,15:00,Nott'm Forest,Tottenham,26-27,0.0,0.0,D,1773.3320871114033,1707.053099407833,1.3618582213234,1.7127487987344914,1.1578947368421053,-0.2964933267720135,0.60508465710245,1.1877682860931862,1.2606923081813786,1.0789473684210527,2.4,3.4,2.9
2026-09-05,17:30,Hull,Aston Villa,26-27,0.0,0.0,D,1548.8577196599326,1850.6271633582282,1.49627,1.9349152971461943,1.0,-1.0,-0.8116457044857149,1.353966272398938,1.77874,1.7105263157894737,4.2,3.6,1.85
2026-09-06,14:00,Everton,Man United,26-27,2.0,2.0,D,1786.4301581637098,1865.6212247393976,1.385511475674519,1.3303167623992356,1.2894736842105263,0.26186228151545043,2.402455091496256,1.4947888764273152,1.483749650946341,1.868421052631579,3.3,3.5,2.1
2026-09-06,16:30,Arsenal,Chelsea,26-27,2.0,1.0,H,2001.958835270423,1831.3262468218543,2.0203660058317032,1.5703114319892646,2.236842105263158,2.669183510746199,-0.7397034197503173,1.7149041714176758,0.8051245785230401,1.368421052631579,1.67,3.75,5.25
2026-09-12,15:00,Aston Villa,Nott'm Forest,26-27,1.0,2.0,A,1843.6207341124002,1771.4472336008903,1.6163443168268063,2.0147844652556186,0.3333333333333333,-1.1034262928434806,0.009705799858780641,1.5955347826822581,1.3450250386299496,0.6666666666666666,2.2,3.4,3.25
2026-09-12,15:00,Bournemouth,Brentford,26-27,2.0,2.0,D,1838.1794710445595,1811.0018050375627,1.91406923973696,1.9750932022338585,0.6666666666666666,0.36417882245505534,-0.8363835837937731,1.309570562571268,1.1105894727451384,1.6666666666666667,2.5,3.6,2.7
2026-09-12,15:00,Chelsea,Hull,26-27,2.0,2.0,D,1825.877296464871,1555.8641489057607,2.139094207020526,1.18233,2.0,-1.1744096537253332,0.5280135823429543,0.459726,1.6410415903560474,2.3333333333333335,1.22,6.5,11.0
2026-09-12,15:00,Crystal Palace,Ipswich,26-27,2.0,3.0,A,1767.9093977937298,1532.1369658088854,1.711400362905156,2.5665859023325357,1.0,-1.8187388012981507,-2.526782157551797,1.2043859562736838,1.8813772725533098,1.0,1.85,3.8,3.9
2026-09-12,15:00,Liverpool,Fulham,26-27,0.0,0.0,D,1882.4948481594156,1755.9978796123905,1.8281024721685994,1.9613640153407959,1.6666666666666667,0.9219963783723034,-0.390244651894948,1.1614837140886343,1.4481873887891652,0.0,1.42,5.0,6.25
2026-09-12,17:30,Tottenham,Everton,26-27,0.0,0.0,D,1708.9379529183461,1788.6707920696174,1.3713337205547063,1.8889096099646479,0.3333333333333333,0.2577400175579163,0.6269473301941217,1.3366575036811699,1.4934774754715763,1.6666666666666667,2.0,3.6,3.6
2026-09-12,20:00,Sunderland,Arsenal,26-27,0.0,2.0,A,1721.8415147502612,2007.4077856274062,1.370746426512971,0.967522853461475,1.3333333333333333,0.5164619558683738,2.84662571881399,2.0853743868666936,1.2620733809884201,3.0,7.5,4.1,1.48
2026-09-13,14:00,Coventry,Brighton,26-27,0.0,5.0,A,1431.303357436884,1815.6494326981365,1.18233,1.8477501304106498,0.0,-1.4855687606112058,1.471553946707901,1.5756596287461215,0.459726,1.3333333333333333,3.8,3.9,1.9
2026-09-13,16:30,Man United,Man City,26-27,0.0,1.0,A,1863.38059083349,1990.1905746019386,2.658328530268167,1.2918074041992504,1.3333333333333333,1.682127707395625,2.779375287395841,2.021190141532636,1.3987535648367315,3.0,3.25,3.8,2.1
2026-09-14,20:00,Leeds,Newcastle,26-27,4.0,1.0,H,1786.785815820251,1810.4440337410392,1.6100952129229111,1.5359056949186216,1.6666666666666667,-1.0017830666051364,-1.5433808766457084,1.0797365009746693,1.3372097157781957,1.6666666666666667,2.38,3.5,2.88
2026-09-18,20:00,Brentford,Chelsea,26-27,3.0,0.0,H,1811.7824495570862,1819.3665587050325,2.275707314300318,1.7350453936910635,1.5,-1.7915324836098072,-0.7511550135882944,1.5436144503939895,1.3775643751463682,1.75,2.55,3.8,2.45
2026-09-19,12:30,Tottenham,Aston Villa,26-27,2.0,3.0,A,1711.1933922467917,1831.5727874558067,1.2867184638542732,1.7852123427792586,0.5,0.09004134076845556,-1.2229694593448568,1.3914801837595707,1.507758221678364,0.25,2.0,3.5,3.7
2026-09-19,15:00,Brighton,Arsenal,26-27,3.0,0.0,H,1817.6221509314369,2010.646618754995,1.9948137850480365,1.11459548780685,1.75,1.4086800842293055,2.73374228440065,2.0725283680748734,1.2053743137379869,3.0,5.0,3.9,1.67
2026-09-19,15:00,Everton,Ipswich,26-27,1.0,0.0,H,1786.4153527411718,1548.0431003068807,1.3416058210344475,2.338109055949175,1.5,0.6766876884763458,-1.9217266932918553,1.3207980605866254,1.4021954629234288,1.5,1.75,3.8,4.5
2026-09-19,15:00,Newcastle,Hull,26-27,2.0,1.0,H,1799.764145994935,1562.3748866655992,1.9103809376222065,1.199156785714286,1.25,-1.4709300897310063,-0.2453770848440899,1.1796745714285712,1.9455158825746037,2.0,1.6,4.33,5.0
2026-09-19,17:30,Nott'm Forest,Coventry,26-27,0.0,1.0,A,1783.4951802574838,1429.3306392035836,1.2911541611840496,2.0343150000000003,1.25,0.2750783721917201,-1.3370195794053663,1.0590810000000002,1.290534428828172,0.0,1.57,4.0,5.75
2026-09-20,14:00,Bournemouth,Liverpool,26-27,0.0,1.0,A,1837.398826525036,1879.0067545611341,1.9988102621568413,1.6301342434550807,0.75,1.3822883600378206,0.6657301826977836,1.6863286215645017,1.0684001882254435,1.5,3.2,3.8,2.1
2026-09-20,14:00,Leeds,Crystal Palace,26-27,0.0,0.0,D,1797.4657035663552,1752.0032632957345,1.70550160887827,1.8131252181414668,2.0,-0.7342221943215221,-1.8429069622465415,1.580304109936303,1.260890085984042,0.75,1.73,3.9,4.75
2026-09-20,14:00,Man City,Sunderland,26-27,5.0,3.0,H,1996.6945703329802,1718.6026816226724,2.3159364807724248,1.8135820204555253,3.0,2.27545855902643,0.1801084482315317,1.3168015395154304,1.2102116602893798,1.0,1.3,5.5,9.0
2026-09-20,16:30,Fulham,Man United,26-27,1.0,1.0,D,1759.485973210672,1856.8765951024484,1.7390246258447635,1.2937719884977528,0.25,-0.2048786897073995,1.5911773421891626,1.4117624745384376,1.5330961037591244,1.0,3.5,3.8,2.0
