round,kickoff,home_team,away_team,p_home,p_draw,p_away,odds_home,odds_draw,odds_away,b365_home,b365_draw,b365_away,avg_home,avg_draw,avg_away,home_goals,away_goals,result,model_pick,n_train,model_correct
1,2026-08-21 20:00:00,Arsenal,Coventry,0.77,0.1676,0.0624,1.3,5.97,16.01,1.2,7.0,13.0,1.1866666666666668,6.916666666666667,14.0,3.0,0.0,H,H,1140,True
1,2026-08-22 12:30:00,Hull,Man United,0.1619,0.2366,0.6015,6.18,4.23,1.66,8.5,5.0,1.36,8.333333333333334,4.891666666666667,1.3533333333333335,2.0,0.0,H,A,1140,False
1,2026-08-22 15:00:00,Everton,Crystal Palace,0.4519,0.2847,0.2634,2.21,3.51,3.8,2.15,3.5,3.3,2.1416666666666666,3.4000000000000004,3.283333333333333,2.0,0.0,H,H,1140,True
1,2026-08-22 15:00:00,Ipswich,Sunderland,0.1992,0.256,0.5448,5.02,3.91,1.84,2.7,3.3,2.63,2.68,3.2916666666666665,2.5899999999999994,2.0,1.0,H,A,1140,False
1,2026-08-22 15:00:00,Nott'm Forest,Leeds,0.4714,0.2773,0.2513,2.12,3.61,3.98,2.3,3.4,3.1,2.275,3.341666666666667,3.075,0.0,1.0,A,H,1140,False
1,2026-08-22 17:30:00,Brentford,Tottenham,0.4483,0.2745,0.2772,2.23,3.64,3.61,2.4,3.7,2.75,2.3883333333333336,3.5750000000000006,2.7416666666666667,3.0,0.0,H,H,1140,True
1,2026-08-23 14:00:00,Brighton,Aston Villa,0.4494,0.2828,0.2678,2.23,3.54,3.73,2.15,3.6,3.0,2.1833333333333336,3.5500000000000003,3.0666666666666664,4.0,0.0,H,H,1140,True
1,2026-08-23 14:00:00,Man City,Bournemouth,0.6525,0.2098,0.1377,1.53,4.77,7.26,1.48,4.5,6.25,1.45,4.641666666666667,5.958333333333333,2.0,1.0,H,H,1140,True
1,2026-08-23 16:30:00,Newcastle,Liverpool,0.3988,0.2573,0.3439,2.51,3.89,2.91,4.0,3.8,1.9,3.65,3.9,1.87,2.0,2.0,D,H,1140,False
1,2026-08-24 20:00:00,Fulham,Chelsea,0.4667,0.2795,0.2538,2.14,3.58,3.94,3.6,3.8,1.9,3.658333333333333,3.725,1.8916666666666664,2.0,3.0,A,H,1140,False
2,2026-08-28 20:00:00,Crystal Palace,Man City,0.2151,0.2341,0.5509,4.65,4.27,1.82,5.0,3.9,1.67,4.816666666666666,3.9333333333333336,1.6683333333333332,1.0,4.0,A,A,1150,True
2,2026-08-29 12:30:00,Liverpool,Nott'm Forest,0.5907,0.2384,0.1709,1.69,4.19,5.85,1.5,4.5,5.75,1.5133333333333334,4.431666666666666,5.791666666666667,2.0,2.0,D,H,1150,False
2,2026-08-29 15:00:00,Bournemouth,Everton,0.535,0.2621,0.2029,1.87,3.81,4.93,2.05,3.5,3.6,2.0500000000000003,3.516666666666666,3.483333333333333,1.0,1.0,D,H,1150,False
2,2026-08-29 15:00:00,Coventry,Hull,0.2698,0.2779,0.4523,3.71,3.6,2.21,1.9,3.5,4.2,1.86,3.533333333333333,4.221666666666667,0.0,1.0,A,A,1150,True
2,2026-08-29 17:30:00,Tottenham,Newcastle,0.3885,0.2876,0.3239,2.57,3.48,3.09,2.25,3.75,2.9,2.25,3.675,2.8966666666666665,0.0,2.0,A,H,1150,False
2,2026-08-30 14:00:00,Chelsea,Brighton,0.3561,0.272,0.3719,2.81,3.68,2.69,1.83,4.0,4.0,1.8133333333333332,3.858333333333334,3.966666666666667,4.0,3.0,H,A,1150,False
2,2026-08-30 14:00:00,Leeds,Brentford,0.4845,0.2652,0.2503,2.06,3.77,3.99,2.6,3.3,2.7,2.583333333333333,3.358333333333333,2.668333333333333,1.0,1.0,D,H,1150,False
2,2026-08-30 14:00:00,Sunderland,Fulham,0.3831,0.2913,0.3256,2.61,3.43,3.07,2.4,3.2,3.1,2.391666666666667,3.233333333333334,2.9633333333333334,1.0,0.0,H,H,1150,True
2,2026-08-30 16:30:00,Man United,Ipswich,0.7607,0.1636,0.0757,1.31,6.11,13.21,1.42,5.0,7.0,1.4016666666666666,4.883333333333334,7.083333333333333,5.0,2.0,H,H,1150,True
2,2026-08-31 20:00:00,Aston Villa,Arsenal,0.2783,0.2637,0.458,3.59,3.79,2.18,6.0,4.1,1.53,6.083333333333333,4.083333333333333,1.518333333333333,0.0,1.0,A,A,1150,True
3,2026-09-04 20:00:00,Ipswich,Liverpool,0.1374,0.2136,0.6491,7.28,4.68,1.54,5.25,4.75,1.5,5.416666666666667,4.8500000000000005,1.485,0.0,2.0,A,A,1160,True
3,2026-09-05 12:30:00,Newcastle,Bournemouth,0.4104,0.2496,0.34,2.44,4.01,2.94,2.1,3.6,3.3,2.091666666666667,3.65,3.208333333333333,2.0,2.0,D,H,1160,False
3,2026-09-05 15:00:00,Brentford,Sunderland,0.5509,0.2462,0.2029,1.82,4.06,4.93,1.62,3.9,5.5,1.6183333333333334,3.9166666666666665,5.375,1.0,1.0,D,H,1160,False
3,2026-09-05 15:00:00,Brighton,Leeds,0.5758,0.253,0.1712,1.74,3.95,5.84,1.95,3.5,3.9,1.95,3.5333333333333328,3.766666666666667,1.0,1.0,D,H,1160,False
3,2026-09-05 15:00:00,Fulham,Crystal Palace,0.4881,0.2726,0.2393,2.05,3.67,4.18,2.3,3.25,3.25,2.2666666666666666,3.3666666666666667,3.108333333333333,2.0,3.0,A,H,1160,False
3,2026-09-05 15:00:00,Man City,Coventry,0.8541,0.1103,0.0355,1.17,9.06,28.15,1.18,8.0,12.0,1.163333333333333,7.75,13.75,1.0,0.0,H,H,1160,True
3,2026-09-05 15:00:00,Nott'm Forest,Tottenham,0.4284,0.2949,0.2768,2.33,3.39,3.61,2.4,3.4,2.9,2.398333333333333,3.341666666666667,2.885,0.0,0.0,D,H,1160,False
3,2026-09-05 17:30:00,Hull,Aston Villa,0.2378,0.2579,0.5044,4.21,3.88,1.98,4.2,3.6,1.85,4.05,3.625,1.85,0.0,0.0,D,A,1160,False
3,2026-09-06 14:00:00,Everton,Man United,0.2845,0.2814,0.4342,3.52,3.55,2.3,3.3,3.5,2.1,3.213333333333333,3.5499999999999994,2.125,2.0,2.0,D,A,1160,False
3,2026-09-06 16:30:00,Arsenal,Chelsea,0.6976,0.2004,0.102,1.43,4.99,9.81,1.67,3.75,5.25,1.6833333333333331,3.841666666666667,4.766666666666667,2.0,1.0,H,H,1160,True
4,2026-09-12 15:00:00,Aston Villa,Nott'm Forest,0.4998,0.2628,0.2373,2.0,3.8,4.21,2.2,3.4,3.25,2.1916666666666664,3.391666666666667,3.1966666666666668,1.0,2.0,A,H,1170,False
4,2026-09-12 15:00:00,Bournemouth,Brentford,0.5634,0.2464,0.1902,1.78,4.06,5.26,2.5,3.6,2.7,2.458333333333333,3.591666666666667,2.6916666666666664,2.0,2.0,D,H,1170,False
4,2026-09-12 15:00:00,Chelsea,Hull,0.4968,0.2664,0.2367,2.01,3.75,4.22,1.22,6.5,11.0,1.211666666666667,6.583333333333333,12.083333333333334,2.0,2.0,D,H,1170,False
4,2026-09-12 15:00:00,Crystal Palace,Ipswich,0.6046,0.2255,0.1699,1.65,4.43,5.89,1.85,3.8,3.9,1.8416666666666663,3.716666666666667,3.983333333333333,2.0,3.0,A,H,1170,False
4,2026-09-12 15:00:00,Liverpool,Fulham,0.5882,0.2422,0.1696,1.7,4.13,5.9,1.42,5.0,6.25,1.4333333333333331,4.8500000000000005,6.333333333333333,0.0,0.0,D,H,1170,False
4,2026-09-12 17:30:00,Tottenham,Everton,0.3497,0.2889,0.3614,2.86,3.46,2.77,2.0,3.6,3.6,2.0166666666666666,3.5500000000000003,3.5500000000000003,0.0,0.0,D,A,1170,False
4,2026-09-12 20:00:00,Sunderland,Arsenal,0.1831,0.2492,0.5677,5.46,4.01,1.76,7.5,4.1,1.48,7.5,4.116666666666666,1.45,0.0,2.0,A,A,1170,True
4,2026-09-13 14:00:00,Coventry,Brighton,0.2074,0.3087,0.4839,4.82,3.24,2.07,3.8,3.9,1.9,3.9,3.758333333333333,1.855,0.0,5.0,A,A,1170,True
4,2026-09-13 16:30:00,Man United,Man City,0.3697,0.2572,0.3732,2.71,3.89,2.68,3.25,3.8,2.1,3.108333333333333,3.8083333333333336,2.1,0.0,1.0,A,A,1170,True
4,2026-09-14 20:00:00,Leeds,Newcastle,0.4578,0.2754,0.2668,2.18,3.63,3.75,2.38,3.5,2.88,2.373333333333333,3.466666666666667,2.8183333333333334,4.0,1.0,H,H,1170,True
5,2026-09-18 20:00:00,Brentford,Chelsea,0.4915,0.2504,0.2581,2.03,3.99,3.87,2.55,3.8,2.45,2.5883333333333334,3.7083333333333335,2.4916666666666667,3.0,0.0,H,H,1180,True
5,2026-09-19 12:30:00,Tottenham,Aston Villa,0.3983,0.295,0.3067,2.51,3.39,3.26,2.0,3.5,3.7,1.9916666666666665,3.5666666666666664,3.616666666666667,2.0,3.0,A,H,1180,False
5,2026-09-19 15:00:00,Brighton,Arsenal,0.2864,0.2697,0.4439,3.49,3.71,2.25,5.0,3.9,1.67,4.816666666666666,3.9,1.678333333333333,3.0,0.0,H,A,1180,False
5,2026-09-19 15:00:00,Everton,Ipswich,0.5942,0.2462,0.1595,1.68,4.06,6.27,1.75,3.8,4.5,1.7583333333333335,3.8,4.355,1.0,0.0,H,H,1180,True
5,2026-09-19 15:00:00,Newcastle,Hull,0.4582,0.2664,0.2754,2.18,3.75,3.63,1.6,4.33,5.0,1.58,4.243333333333333,5.166666666666667,2.0,1.0,H,H,1180,True
5,2026-09-19 17:30:00,Nott'm Forest,Coventry,0.606,0.2554,0.1386,1.65,3.92,7.21,1.57,4.0,5.75,1.5766666666666669,4.0,5.541666666666667,0.0,1.0,A,H,1180,False
5,2026-09-20 14:00:00,Bournemouth,Liverpool,0.4765,0.2753,0.2483,2.1,3.63,4.03,3.2,3.8,2.1,3.083333333333333,3.766666666666667,2.1166666666666667,0.0,1.0,A,H,1180,False
5,2026-09-20 14:00:00,Leeds,Crystal Palace,0.5429,0.2568,0.2003,1.84,3.89,4.99,1.73,3.9,4.75,1.7333333333333334,3.7916666666666665,4.571666666666666,0.0,0.0,D,H,1180,False
5,2026-09-20 14:00:00,Man City,Sunderland,0.7185,0.1855,0.096,1.39,5.39,10.42,1.3,5.5,9.0,1.2866666666666666,5.583333333333333,9.541666666666666,5.0,3.0,H,H,1180,True
5,2026-09-20 16:30:00,Fulham,Man United,0.3172,0.2853,0.3975,3.15,3.5,2.52,3.5,3.8,2.0,3.3666666666666667,3.716666666666667,2.0083333333333333,1.0,1.0,D,A,1180,False
6,2026-10-10 12:30:00,Arsenal,Leeds,0.7228,0.1854,0.0918,1.38,5.39,10.9,,,,,,,,,,H,1190,
6,2026-10-10 15:00:00,Aston Villa,Brentford,0.4766,0.2626,0.2608,2.1,3.81,3.83,,,,,,,,,,H,1190,
6,2026-10-10 15:00:00,Chelsea,Bournemouth,0.4011,0.2646,0.3344,2.49,3.78,2.99,,,,,,,,,,H,1190,
6,2026-10-10 15:00:00,Ipswich,Fulham,0.228,0.2773,0.4946,4.39,3.61,2.02,,,,,,,,,,A,1190,
6,2026-10-10 15:00:00,Sunderland,Brighton,0.2957,0.2872,0.4171,3.38,3.48,2.4,,,,,,,,,,A,1190,
6,2026-10-10 17:30:00,Man United,Tottenham,0.5891,0.2421,0.1689,1.7,4.13,5.92,,,,,,,,,,H,1190,
6,2026-10-11 14:00:00,Crystal Palace,Nott'm Forest,0.3525,0.2708,0.3767,2.84,3.69,2.65,,,,,,,,,,A,1190,
6,2026-10-11 14:00:00,Hull,Everton,0.2154,0.2658,0.5188,4.64,3.76,1.93,,,,,,,,,,A,1190,
6,2026-10-11 16:30:00,Liverpool,Man City,0.3661,0.2712,0.3626,2.73,3.69,2.76,,,,,,,,,,H,1190,
6,2026-10-12 20:00:00,Coventry,Newcastle,0.1853,0.2565,0.5581,5.4,3.9,1.79,,,,,,,,,,A,1190,
