run_timestamp,season,round,kickoff,home_team,away_team,p_home,p_draw,p_away,fair_odds_home,fair_odds_draw,fair_odds_away,lambda_home,lambda_away,lambda_shared,home_elo,away_elo,n_train,n_current_season_played,data_signature,scoreline_fair_odds_json
2026-10-06T09:08:51+00:00,26-27,6,2026-10-10 12:30:00,Arsenal,Leeds,0.7365,0.1799,0.0835,1.36,5.56,11.97,2.0861,0.5397,0.1983,2062.50561523,1811.11755371,1190,50,,"{""0-0"": 16.85, ""0-1"": 31.21, ""0-2"": 115.66, ""0-3"": 642.9, ""0-4"": 4764.76, ""0-5"": 44141.88, ""0-6"": 490728.85, ""1-0"": 8.08, ""1-1"": 12.72, ""1-2"": 41.0, ""1-3"": 201.64, ""1-4"": 1340.04, ""1-5"": 11251.78, ""1-6"": 114375.33, ""2-0"": 7.74, ""2-1"": 10.61, ""2-2"": 30.09, ""2-3"": 131.74, ""2-4"": 787.37, ""2-5"": 5999.26, ""2-6"": 55769.21, ""3-0"": 11.13, ""3-1"": 13.5, ""3-2"": 34.08, ""3-3"": 133.78, ""3-4"": 722.09, ""3-5"": 5003.64, ""3-6"": 42578.36, ""4-0"": 21.35, ""4-1"": 23.21, ""4-2"": 52.7, ""4-3"": 186.82, ""4-4"": 915.09, ""4-5"": 5784.37, ""4-6"": 45134.83, ""5-0"": 51.17, ""5-1"": 50.42, ""5-2"": 103.9, ""5-3"": 334.93, ""5-4"": 1496.55, ""5-5"": 8660.57, ""5-6"": 62112.28, ""6-0"": 147.18, ""6-1"": 132.59, ""6-2"": 249.88, ""6-3"": 737.39, ""6-4"": 3021.22, ""6-5"": 16069.89, ""6-6"": 106229.54}"
2026-10-06T09:08:51+00:00,26-27,6,2026-10-10 15:00:00,Aston Villa,Brentford,0.4756,0.2721,0.2524,2.1,3.68,3.96,1.3948,0.9361,0.1983,1909.10070801,1832.30273438,1190,50,,"{""0-0"": 12.54, ""0-1"": 13.4, ""0-2"": 28.63, ""0-3"": 91.75, ""0-4"": 392.08, ""0-5"": 2094.24, ""0-6"": 13423.39, ""1-0"": 8.99, ""1-1"": 8.34, ""1-2"": 15.74, ""1-3"": 45.19, ""1-4"": 174.87, ""1-5"": 853.4, ""1-6"": 5035.33, ""2-0"": 12.89, ""2-1"": 10.57, ""2-2"": 17.8, ""2-3"": 46.02, ""2-4"": 161.75, ""2-5"": 722.43, ""2-6"": 3926.42, ""3-0"": 27.73, ""3-1"": 20.35, ""3-2"": 30.88, ""3-3"": 72.37, ""3-4"": 231.98, ""3-5"": 950.37, ""3-6"": 4763.96, ""4-0"": 79.53, ""4-1"": 52.85, ""4-2"": 72.85, ""4-3"": 155.68, ""4-4"": 457.01, ""4-5"": 1722.3, ""4-6"": 7977.03, ""5-0"": 285.1, ""5-1"": 173.11, ""5-2"": 218.36, ""5-3"": 428.03, ""5-4"": 1155.85, ""5-5"": 4020.05, ""5-6"": 17241.95, ""6-0"": 1226.36, ""6-1"": 685.47, ""6-2"": 796.47, ""6-3"": 1439.95, ""6-4"": 3592.75, ""6-5"": 11571.22, ""6-6"": 46074.32}"
2026-10-06T09:08:51+00:00,26-27,6,2026-10-10 15:00:00,Chelsea,Bournemouth,0.4086,0.2675,0.3239,2.45,3.74,3.09,1.3494,1.1709,0.1983,1840.20410156,1871.32067871,1190,50,,"{""0-0"": 15.16, ""0-1"": 12.95, ""0-2"": 22.11, ""0-3"": 56.65, ""0-4"": 193.54, ""0-5"": 826.45, ""0-6"": 4234.94, ""1-0"": 11.23, ""1-1"": 8.52, ""1-2"": 13.1, ""1-3"": 30.5, ""1-4"": 95.49, ""1-5"": 376.33, ""1-6"": 1790.32, ""2-0"": 16.65, ""2-1"": 11.37, ""2-2"": 15.84, ""2-3"": 33.68, ""2-4"": 96.94, ""2-5"": 353.22, ""2-6"": 1561.75, ""3-0"": 37.02, ""3-1"": 22.97, ""3-2"": 29.23, ""3-3"": 57.06, ""3-4"": 151.47, ""3-5"": 511.45, ""3-6"": 2104.69, ""4-0"": 109.74, ""4-1"": 62.4, ""4-2"": 73.0, ""4-3"": 131.43, ""4-4"": 323.0, ""4-5"": 1013.31, ""4-6"": 3887.92, ""5-0"": 406.64, ""5-1"": 213.38, ""5-2"": 230.8, ""5-3"": 385.12, ""5-4"": 879.31, ""5-5"": 2569.96, ""5-6"": 9212.29, ""6-0"": 1808.15, ""6-1"": 880.89, ""6-2"": 885.53, ""6-3"": 1375.25, ""6-4"": 2927.61, ""6-5"": 7994.03, ""6-6"": 26829.82}"
2026-10-06T09:08:51+00:00,26-27,6,2026-10-10 15:00:00,Ipswich,Fulham,0.2885,0.2871,0.4244,3.47,3.48,2.36,0.9687,1.2401,0.1983,1639.10681152,1800.71289062,1190,50,,"{""0-0"": 11.1, ""0-1"": 8.95, ""0-2"": 14.44, ""0-3"": 34.93, ""0-4"": 112.65, ""0-5"": 454.21, ""0-6"": 2197.63, ""1-0"": 11.46, ""1-1"": 7.93, ""1-2"": 11.21, ""1-3"": 24.11, ""1-4"": 70.05, ""1-5"": 256.89, ""1-6"": 1139.81, ""2-0"": 23.66, ""2-1"": 14.35, ""2-2"": 17.95, ""2-3"": 34.56, ""2-4"": 90.7, ""2-5"": 302.96, ""2-6"": 1233.23, ""3-0"": 73.29, ""3-1"": 39.52, ""3-2"": 44.25, ""3-3"": 76.77, ""3-4"": 182.73, ""3-5"": 557.24, ""3-6"": 2083.34, ""4-0"": 302.63, ""4-1"": 146.98, ""4-2"": 148.65, ""4-3"": 233.94, ""4-4"": 507.37, ""4-5"": 1416.69, ""4-6"": 4873.27, ""5-0"": 1562.11, ""5-1"": 690.08, ""5-2"": 635.7, ""5-3"": 913.31, ""5-4"": 1813.7, ""5-5"": 4653.01, ""5-6"": 14760.62, ""6-0"": 9675.98, ""6-1"": 3919.97, ""6-2"": 3312.87, ""6-3"": 4371.5, ""6-4"": 7987.3, ""6-5"": 18897.07, ""6-6"": 55432.07}"
2026-10-06T09:08:51+00:00,26-27,6,2026-10-10 15:00:00,Sunderland,Brighton,0.2899,0.2836,0.4265,3.45,3.53,2.34,0.9896,1.2648,0.1983,1725.046875,1854.70776367,1190,50,,"{""0-0"": 11.62, ""0-1"": 9.19, ""0-2"": 14.53, ""0-3"": 34.46, ""0-4"": 108.98, ""0-5"": 430.8, ""0-6"": 2043.67, ""1-0"": 11.74, ""1-1"": 8.01, ""1-2"": 11.15, ""1-3"": 23.6, ""1-4"": 67.4, ""1-5"": 242.91, ""1-6"": 1058.73, ""2-0"": 23.73, ""2-1"": 14.25, ""2-2"": 17.62, ""2-3"": 33.49, ""2-4"": 86.64, ""2-5"": 285.07, ""2-6"": 1142.16, ""3-0"": 71.94, ""3-1"": 38.55, ""3-2"": 42.8, ""3-3"": 73.52, ""3-4"": 172.98, ""3-5"": 520.81, ""3-6"": 1920.54, ""4-0"": 290.76, ""4-1"": 140.72, ""4-2"": 141.52, ""4-3"": 221.08, ""4-4"": 475.17, ""4-5"": 1312.99, ""4-6"": 4464.17, ""5-0"": 1469.05, ""5-1"": 648.11, ""5-2"": 595.11, ""5-3"": 850.72, ""5-4"": 1678.08, ""5-5"": 4269.75, ""5-6"": 13415.39, ""6-0"": 8906.72, ""6-1"": 3610.28, ""6-2"": 3047.43, ""6-3"": 4009.39, ""6-4"": 7291.95, ""6-5"": 17145.68, ""6-6"": 49912.91}"
2026-10-06T09:08:51+00:00,26-27,6,2026-10-10 17:30:00,Man United,Tottenham,0.5919,0.2424,0.1657,1.69,4.13,6.03,1.6524,0.7419,0.1983,1900.8359375,1768.33032227,1190,50,,"{""0-0"": 13.36, ""0-1"": 18.01, ""0-2"": 48.56, ""0-3"": 196.34, ""0-4"": 1058.53, ""0-5"": 7133.56, ""0-6"": 57688.82, ""1-0"": 8.09, ""1-1"": 9.38, ""1-2"": 22.2, ""1-3"": 80.0, ""1-4"": 388.96, ""1-5"": 2386.83, ""1-6"": 17717.81, ""2-0"": 9.79, ""2-1"": 9.97, ""2-2"": 20.93, ""2-3"": 67.6, ""2-4"": 297.32, ""2-5"": 1663.76, ""2-6"": 11341.76, ""3-0"": 17.77, ""3-1"": 16.13, ""3-2"": 30.35, ""3-3"": 88.45, ""3-4"": 353.32, ""3-5"": 1807.11, ""3-6"": 11326.12, ""4-0"": 43.03, ""4-1"": 35.21, ""4-2"": 59.94, ""4-3"": 158.64, ""4-4"": 578.16, ""4-5"": 2710.75, ""4-6"": 15648.16, ""5-0"": 130.19, ""5-1"": 97.02, ""5-2"": 150.61, ""5-3"": 364.33, ""5-4"": 1217.16, ""5-5"": 5249.11, ""5-6"": 27972.51, ""6-0"": 472.75, ""6-1"": 323.37, ""6-2"": 461.01, ""6-3"": 1025.3, ""6-4"": 3154.84, ""6-5"": 12559.97, ""6-6"": 61952.57}"
2026-10-06T09:08:51+00:00,26-27,6,2026-10-11 14:00:00,Crystal Palace,Nott'm Forest,0.3508,0.2735,0.3757,2.85,3.66,2.66,1.1965,1.2484,0.1983,1800.0904541,1821.0369873,1190,50,,"{""0-0"": 14.06, ""0-1"": 11.26, ""0-2"": 18.04, ""0-3"": 43.36, ""0-4"": 138.92, ""0-5"": 556.42, ""0-6"": 2674.33, ""1-0"": 11.75, ""1-1"": 8.31, ""1-2"": 11.91, ""1-3"": 25.91, ""1-4"": 75.83, ""1-5"": 279.5, ""1-6"": 1244.11, ""2-0"": 19.64, ""2-1"": 12.43, ""2-2"": 16.09, ""2-3"": 31.84, ""2-4"": 85.36, ""2-5"": 290.04, ""2-6"": 1196.75, ""3-0"": 49.24, ""3-1"": 28.21, ""3-2"": 33.22, ""3-3"": 60.12, ""3-4"": 148.18, ""3-5"": 465.23, ""3-6"": 1782.0, ""4-0"": 164.61, ""4-1"": 86.12, ""4-2"": 92.92, ""4-3"": 154.6, ""4-4"": 351.71, ""4-5"": 1023.0, ""4-6"": 3644.06, ""5-0"": 687.86, ""5-1"": 331.18, ""5-2"": 329.39, ""5-3"": 506.41, ""5-4"": 1067.33, ""5-5"": 2884.48, ""5-6"": 9575.18, ""6-0"": 3449.3, ""6-1"": 1538.0, ""6-2"": 1418.01, ""6-3"": 2023.79, ""6-4"": 3966.66, ""6-5"": 9990.02, ""6-6"": 30974.8}"
2026-10-06T09:08:51+00:00,26-27,6,2026-10-11 14:00:00,Hull,Everton,0.2243,0.2533,0.5225,4.46,3.95,1.91,0.9343,1.5717,0.1983,1531.98901367,1810.62646484,1190,50,,"{""0-0"": 14.94, ""0-1"": 9.51, ""0-2"": 12.1, ""0-3"": 23.09, ""0-4"": 58.77, ""0-5"": 186.97, ""0-6"": 713.77, ""1-0"": 15.99, ""1-1"": 8.97, ""1-2"": 10.2, ""1-3"": 17.59, ""1-4"": 40.84, ""1-5"": 119.46, ""1-6"": 422.03, ""2-0"": 34.24, ""2-1"": 17.15, ""2-2"": 17.58, ""2-3"": 27.56, ""2-4"": 58.57, ""2-5"": 157.79, ""2-6"": 516.32, ""3-0"": 109.95, ""3-1"": 49.78, ""3-2"": 46.37, ""3-3"": 66.41, ""3-4"": 129.62, ""3-5"": 322.35, ""3-6"": 978.4, ""4-0"": 470.73, ""4-1"": 194.46, ""4-2"": 165.76, ""4-3"": 218.06, ""4-4"": 392.41, ""4-5"": 903.32, ""4-6"": 2547.7, ""5-0"": 2519.23, ""5-1"": 956.82, ""5-2"": 751.22, ""5-3"": 912.28, ""5-4"": 1519.64, ""5-5"": 3247.61, ""5-6"": 8529.11, ""6-0"": 16178.85, ""6-1"": 5686.41, ""6-2"": 4135.3, ""6-3"": 4658.13, ""6-4"": 7210.16, ""6-5"": 14348.34, ""6-6"": 35170.47}"
2026-10-06T09:08:51+00:00,26-27,6,2026-10-11 16:30:00,Liverpool,Man City,0.371,0.2759,0.3531,2.7,3.62,2.83,1.2233,1.1862,0.1983,1913.30383301,1980.94042969,1190,50,,"{""0-0"": 13.57, ""0-1"": 11.44, ""0-2"": 19.29, ""0-3"": 48.78, ""0-4"": 164.48, ""0-5"": 693.31, ""0-6"": 3506.82, ""1-0"": 11.09, ""1-1"": 8.23, ""1-2"": 12.38, ""1-3"": 28.28, ""1-4"": 86.94, ""1-5"": 336.7, ""1-6"": 1575.17, ""2-0"": 18.13, ""2-1"": 12.01, ""2-2"": 16.27, ""2-3"": 33.74, ""2-4"": 94.86, ""2-5"": 338.17, ""2-6"": 1464.58, ""3-0"": 44.47, ""3-1"": 26.59, ""3-2"": 32.72, ""3-3"": 61.93, ""3-4"": 159.81, ""3-5"": 525.59, ""3-6"": 2110.22, ""4-0"": 145.42, ""4-1"": 79.26, ""4-2"": 89.19, ""4-3"": 154.96, ""4-4"": 368.43, ""4-5"": 1120.96, ""4-6"": 4179.74, ""5-0"": 594.35, ""5-1"": 297.67, ""5-2"": 308.32, ""5-3"": 494.19, ""5-4"": 1086.96, ""5-5"": 3068.37, ""5-6"": 10647.88, ""6-0"": 2915.06, ""6-1"": 1350.32, ""6-2"": 1294.8, ""6-3"": 1923.95, ""6-4"": 3930.01, ""6-5"": 10324.89, ""6-6"": 33423.43}"
2026-10-06T09:08:51+00:00,26-27,6,2026-10-12 20:00:00,Coventry,Newcastle,0.3516,0.295,0.3534,2.84,3.39,2.83,1.0757,1.0793,0.1983,,1848.13122559,1190,50,,"{""0-0"": 10.52, ""0-1"": 9.75, ""0-2"": 18.06, ""0-3"": 50.21, ""0-4"": 186.08, ""0-5"": 862.05, ""0-6"": 4792.45, ""1-0"": 9.78, ""1-1"": 7.74, ""1-2"": 12.52, ""1-3"": 30.86, ""1-4"": 102.77, ""1-5"": 432.25, ""1-6"": 2200.34, ""2-0"": 18.18, ""2-1"": 12.56, ""2-2"": 17.93, ""2-3"": 39.45, ""2-4"": 118.4, ""2-5"": 452.7, ""2-6"": 2110.57, ""3-0"": 50.71, ""3-1"": 31.07, ""3-2"": 39.58, ""3-3"": 78.27, ""3-4"": 212.59, ""3-5"": 740.57, ""3-6"": 3165.61, ""4-0"": 188.58, ""4-1"": 103.81, ""4-2"": 119.19, ""4-3"": 213.3, ""4-4"": 526.78, ""4-5"": 1676.98, ""4-6"": 6583.75, ""5-0"": 876.58, ""5-1"": 438.07, ""5-2"": 457.26, ""5-3"": 745.54, ""5-4"": 1682.6, ""5-5"": 4912.3, ""5-6"": 17754.01, ""6-0"": 4889.53, ""6-1"": 2237.42, ""6-2"": 2138.98, ""6-3"": 3197.51, ""6-4"": 6627.91, ""6-5"": 17813.46, ""6-6"": 59432.96}"
2026-10-06T09:30:57+00:00,26-27,6,2026-10-10 12:30:00,Arsenal,Leeds,0.7365,0.1799,0.0835,1.36,5.56,11.97,2.0861,0.5397,0.1983,2062.50561523,1811.11755371,1190,50,,"{""0-0"": 16.85, ""0-1"": 31.21, ""0-2"": 115.66, ""0-3"": 642.9, ""0-4"": 4764.76, ""0-5"": 44141.88, ""0-6"": 490728.85, ""1-0"": 8.08, ""1-1"": 12.72, ""1-2"": 41.0, ""1-3"": 201.64, ""1-4"": 1340.04, ""1-5"": 11251.78, ""1-6"": 114375.33, ""2-0"": 7.74, ""2-1"": 10.61, ""2-2"": 30.09, ""2-3"": 131.74, ""2-4"": 787.37, ""2-5"": 5999.26, ""2-6"": 55769.21, ""3-0"": 11.13, ""3-1"": 13.5, ""3-2"": 34.08, ""3-3"": 133.78, ""3-4"": 722.09, ""3-5"": 5003.64, ""3-6"": 42578.36, ""4-0"": 21.35, ""4-1"": 23.21, ""4-2"": 52.7, ""4-3"": 186.82, ""4-4"": 915.09, ""4-5"": 5784.37, ""4-6"": 45134.83, ""5-0"": 51.17, ""5-1"": 50.42, ""5-2"": 103.9, ""5-3"": 334.93, ""5-4"": 1496.55, ""5-5"": 8660.57, ""5-6"": 62112.28, ""6-0"": 147.18, ""6-1"": 132.59, ""6-2"": 249.88, ""6-3"": 737.39, ""6-4"": 3021.22, ""6-5"": 16069.89, ""6-6"": 106229.54}"
2026-10-06T09:30:57+00:00,26-27,6,2026-10-10 15:00:00,Aston Villa,Brentford,0.4756,0.2721,0.2524,2.1,3.68,3.96,1.3948,0.9361,0.1983,1909.10070801,1832.30273438,1190,50,,"{""0-0"": 12.54, ""0-1"": 13.4, ""0-2"": 28.63, ""0-3"": 91.75, ""0-4"": 392.08, ""0-5"": 2094.24, ""0-6"": 13423.39, ""1-0"": 8.99, ""1-1"": 8.34, ""1-2"": 15.74, ""1-3"": 45.19, ""1-4"": 174.87, ""1-5"": 853.4, ""1-6"": 5035.33, ""2-0"": 12.89, ""2-1"": 10.57, ""2-2"": 17.8, ""2-3"": 46.02, ""2-4"": 161.75, ""2-5"": 722.43, ""2-6"": 3926.42, ""3-0"": 27.73, ""3-1"": 20.35, ""3-2"": 30.88, ""3-3"": 72.37, ""3-4"": 231.98, ""3-5"": 950.37, ""3-6"": 4763.96, ""4-0"": 79.53, ""4-1"": 52.85, ""4-2"": 72.85, ""4-3"": 155.68, ""4-4"": 457.01, ""4-5"": 1722.3, ""4-6"": 7977.03, ""5-0"": 285.1, ""5-1"": 173.11, ""5-2"": 218.36, ""5-3"": 428.03, ""5-4"": 1155.85, ""5-5"": 4020.05, ""5-6"": 17241.95, ""6-0"": 1226.36, ""6-1"": 685.47, ""6-2"": 796.47, ""6-3"": 1439.95, ""6-4"": 3592.75, ""6-5"": 11571.22, ""6-6"": 46074.32}"
2026-10-06T09:30:57+00:00,26-27,6,2026-10-10 15:00:00,Chelsea,Bournemouth,0.4086,0.2675,0.3239,2.45,3.74,3.09,1.3494,1.1709,0.1983,1840.20410156,1871.32067871,1190,50,,"{""0-0"": 15.16, ""0-1"": 12.95, ""0-2"": 22.11, ""0-3"": 56.65, ""0-4"": 193.54, ""0-5"": 826.45, ""0-6"": 4234.94, ""1-0"": 11.23, ""1-1"": 8.52, ""1-2"": 13.1, ""1-3"": 30.5, ""1-4"": 95.49, ""1-5"": 376.33, ""1-6"": 1790.32, ""2-0"": 16.65, ""2-1"": 11.37, ""2-2"": 15.84, ""2-3"": 33.68, ""2-4"": 96.94, ""2-5"": 353.22, ""2-6"": 1561.75, ""3-0"": 37.02, ""3-1"": 22.97, ""3-2"": 29.23, ""3-3"": 57.06, ""3-4"": 151.47, ""3-5"": 511.45, ""3-6"": 2104.69, ""4-0"": 109.74, ""4-1"": 62.4, ""4-2"": 73.0, ""4-3"": 131.43, ""4-4"": 323.0, ""4-5"": 1013.31, ""4-6"": 3887.92, ""5-0"": 406.64, ""5-1"": 213.38, ""5-2"": 230.8, ""5-3"": 385.12, ""5-4"": 879.31, ""5-5"": 2569.96, ""5-6"": 9212.29, ""6-0"": 1808.15, ""6-1"": 880.89, ""6-2"": 885.53, ""6-3"": 1375.25, ""6-4"": 2927.61, ""6-5"": 7994.03, ""6-6"": 26829.82}"
2026-10-06T09:30:57+00:00,26-27,6,2026-10-10 15:00:00,Ipswich,Fulham,0.2885,0.2871,0.4244,3.47,3.48,2.36,0.9687,1.2401,0.1983,1639.10681152,1800.71289062,1190,50,,"{""0-0"": 11.1, ""0-1"": 8.95, ""0-2"": 14.44, ""0-3"": 34.93, ""0-4"": 112.65, ""0-5"": 454.21, ""0-6"": 2197.63, ""1-0"": 11.46, ""1-1"": 7.93, ""1-2"": 11.21, ""1-3"": 24.11, ""1-4"": 70.05, ""1-5"": 256.89, ""1-6"": 1139.81, ""2-0"": 23.66, ""2-1"": 14.35, ""2-2"": 17.95, ""2-3"": 34.56, ""2-4"": 90.7, ""2-5"": 302.96, ""2-6"": 1233.23, ""3-0"": 73.29, ""3-1"": 39.52, ""3-2"": 44.25, ""3-3"": 76.77, ""3-4"": 182.73, ""3-5"": 557.24, ""3-6"": 2083.34, ""4-0"": 302.63, ""4-1"": 146.98, ""4-2"": 148.65, ""4-3"": 233.94, ""4-4"": 507.37, ""4-5"": 1416.69, ""4-6"": 4873.27, ""5-0"": 1562.11, ""5-1"": 690.08, ""5-2"": 635.7, ""5-3"": 913.31, ""5-4"": 1813.7, ""5-5"": 4653.01, ""5-6"": 14760.62, ""6-0"": 9675.98, ""6-1"": 3919.97, ""6-2"": 3312.87, ""6-3"": 4371.5, ""6-4"": 7987.3, ""6-5"": 18897.07, ""6-6"": 55432.07}"
2026-10-06T09:30:57+00:00,26-27,6,2026-10-10 15:00:00,Sunderland,Brighton,0.2899,0.2836,0.4265,3.45,3.53,2.34,0.9896,1.2648,0.1983,1725.046875,1854.70776367,1190,50,,"{""0-0"": 11.62, ""0-1"": 9.19, ""0-2"": 14.53, ""0-3"": 34.46, ""0-4"": 108.98, ""0-5"": 430.8, ""0-6"": 2043.67, ""1-0"": 11.74, ""1-1"": 8.01, ""1-2"": 11.15, ""1-3"": 23.6, ""1-4"": 67.4, ""1-5"": 242.91, ""1-6"": 1058.73, ""2-0"": 23.73, ""2-1"": 14.25, ""2-2"": 17.62, ""2-3"": 33.49, ""2-4"": 86.64, ""2-5"": 285.07, ""2-6"": 1142.16, ""3-0"": 71.94, ""3-1"": 38.55, ""3-2"": 42.8, ""3-3"": 73.52, ""3-4"": 172.98, ""3-5"": 520.81, ""3-6"": 1920.54, ""4-0"": 290.76, ""4-1"": 140.72, ""4-2"": 141.52, ""4-3"": 221.08, ""4-4"": 475.17, ""4-5"": 1312.99, ""4-6"": 4464.17, ""5-0"": 1469.05, ""5-1"": 648.11, ""5-2"": 595.11, ""5-3"": 850.72, ""5-4"": 1678.08, ""5-5"": 4269.75, ""5-6"": 13415.39, ""6-0"": 8906.72, ""6-1"": 3610.28, ""6-2"": 3047.43, ""6-3"": 4009.39, ""6-4"": 7291.95, ""6-5"": 17145.68, ""6-6"": 49912.91}"
2026-10-06T09:30:57+00:00,26-27,6,2026-10-10 17:30:00,Man United,Tottenham,0.5919,0.2424,0.1657,1.69,4.13,6.03,1.6524,0.7419,0.1983,1900.8359375,1768.33032227,1190,50,,"{""0-0"": 13.36, ""0-1"": 18.01, ""0-2"": 48.56, ""0-3"": 196.34, ""0-4"": 1058.53, ""0-5"": 7133.56, ""0-6"": 57688.82, ""1-0"": 8.09, ""1-1"": 9.38, ""1-2"": 22.2, ""1-3"": 80.0, ""1-4"": 388.96, ""1-5"": 2386.83, ""1-6"": 17717.81, ""2-0"": 9.79, ""2-1"": 9.97, ""2-2"": 20.93, ""2-3"": 67.6, ""2-4"": 297.32, ""2-5"": 1663.76, ""2-6"": 11341.76, ""3-0"": 17.77, ""3-1"": 16.13, ""3-2"": 30.35, ""3-3"": 88.45, ""3-4"": 353.32, ""3-5"": 1807.11, ""3-6"": 11326.12, ""4-0"": 43.03, ""4-1"": 35.21, ""4-2"": 59.94, ""4-3"": 158.64, ""4-4"": 578.16, ""4-5"": 2710.75, ""4-6"": 15648.16, ""5-0"": 130.19, ""5-1"": 97.02, ""5-2"": 150.61, ""5-3"": 364.33, ""5-4"": 1217.16, ""5-5"": 5249.11, ""5-6"": 27972.51, ""6-0"": 472.75, ""6-1"": 323.37, ""6-2"": 461.01, ""6-3"": 1025.3, ""6-4"": 3154.84, ""6-5"": 12559.97, ""6-6"": 61952.57}"
2026-10-06T09:30:57+00:00,26-27,6,2026-10-11 14:00:00,Crystal Palace,Nott'm Forest,0.3508,0.2735,0.3757,2.85,3.66,2.66,1.1965,1.2484,0.1983,1800.0904541,1821.0369873,1190,50,,"{""0-0"": 14.06, ""0-1"": 11.26, ""0-2"": 18.04, ""0-3"": 43.36, ""0-4"": 138.92, ""0-5"": 556.42, ""0-6"": 2674.33, ""1-0"": 11.75, ""1-1"": 8.31, ""1-2"": 11.91, ""1-3"": 25.91, ""1-4"": 75.83, ""1-5"": 279.5, ""1-6"": 1244.11, ""2-0"": 19.64, ""2-1"": 12.43, ""2-2"": 16.09, ""2-3"": 31.84, ""2-4"": 85.36, ""2-5"": 290.04, ""2-6"": 1196.75, ""3-0"": 49.24, ""3-1"": 28.21, ""3-2"": 33.22, ""3-3"": 60.12, ""3-4"": 148.18, ""3-5"": 465.23, ""3-6"": 1782.0, ""4-0"": 164.61, ""4-1"": 86.12, ""4-2"": 92.92, ""4-3"": 154.6, ""4-4"": 351.71, ""4-5"": 1023.0, ""4-6"": 3644.06, ""5-0"": 687.86, ""5-1"": 331.18, ""5-2"": 329.39, ""5-3"": 506.41, ""5-4"": 1067.33, ""5-5"": 2884.48, ""5-6"": 9575.18, ""6-0"": 3449.3, ""6-1"": 1538.0, ""6-2"": 1418.01, ""6-3"": 2023.79, ""6-4"": 3966.66, ""6-5"": 9990.02, ""6-6"": 30974.8}"
2026-10-06T09:30:57+00:00,26-27,6,2026-10-11 14:00:00,Hull,Everton,0.2243,0.2533,0.5225,4.46,3.95,1.91,0.9343,1.5717,0.1983,1531.98901367,1810.62646484,1190,50,,"{""0-0"": 14.94, ""0-1"": 9.51, ""0-2"": 12.1, ""0-3"": 23.09, ""0-4"": 58.77, ""0-5"": 186.97, ""0-6"": 713.77, ""1-0"": 15.99, ""1-1"": 8.97, ""1-2"": 10.2, ""1-3"": 17.59, ""1-4"": 40.84, ""1-5"": 119.46, ""1-6"": 422.03, ""2-0"": 34.24, ""2-1"": 17.15, ""2-2"": 17.58, ""2-3"": 27.56, ""2-4"": 58.57, ""2-5"": 157.79, ""2-6"": 516.32, ""3-0"": 109.95, ""3-1"": 49.78, ""3-2"": 46.37, ""3-3"": 66.41, ""3-4"": 129.62, ""3-5"": 322.35, ""3-6"": 978.4, ""4-0"": 470.73, ""4-1"": 194.46, ""4-2"": 165.76, ""4-3"": 218.06, ""4-4"": 392.41, ""4-5"": 903.32, ""4-6"": 2547.7, ""5-0"": 2519.23, ""5-1"": 956.82, ""5-2"": 751.22, ""5-3"": 912.28, ""5-4"": 1519.64, ""5-5"": 3247.61, ""5-6"": 8529.11, ""6-0"": 16178.85, ""6-1"": 5686.41, ""6-2"": 4135.3, ""6-3"": 4658.13, ""6-4"": 7210.16, ""6-5"": 14348.34, ""6-6"": 35170.47}"
2026-10-06T09:30:57+00:00,26-27,6,2026-10-11 16:30:00,Liverpool,Man City,0.371,0.2759,0.3531,2.7,3.62,2.83,1.2233,1.1862,0.1983,1913.30383301,1980.94042969,1190,50,,"{""0-0"": 13.57, ""0-1"": 11.44, ""0-2"": 19.29, ""0-3"": 48.78, ""0-4"": 164.48, ""0-5"": 693.31, ""0-6"": 3506.82, ""1-0"": 11.09, ""1-1"": 8.23, ""1-2"": 12.38, ""1-3"": 28.28, ""1-4"": 86.94, ""1-5"": 336.7, ""1-6"": 1575.17, ""2-0"": 18.13, ""2-1"": 12.01, ""2-2"": 16.27, ""2-3"": 33.74, ""2-4"": 94.86, ""2-5"": 338.17, ""2-6"": 1464.58, ""3-0"": 44.47, ""3-1"": 26.59, ""3-2"": 32.72, ""3-3"": 61.93, ""3-4"": 159.81, ""3-5"": 525.59, ""3-6"": 2110.22, ""4-0"": 145.42, ""4-1"": 79.26, ""4-2"": 89.19, ""4-3"": 154.96, ""4-4"": 368.43, ""4-5"": 1120.96, ""4-6"": 4179.74, ""5-0"": 594.35, ""5-1"": 297.67, ""5-2"": 308.32, ""5-3"": 494.19, ""5-4"": 1086.96, ""5-5"": 3068.37, ""5-6"": 10647.88, ""6-0"": 2915.06, ""6-1"": 1350.32, ""6-2"": 1294.8, ""6-3"": 1923.95, ""6-4"": 3930.01, ""6-5"": 10324.89, ""6-6"": 33423.43}"
2026-10-06T09:30:57+00:00,26-27,6,2026-10-12 20:00:00,Coventry,Newcastle,0.3516,0.295,0.3534,2.84,3.39,2.83,1.0757,1.0793,0.1983,,1848.13122559,1190,50,,"{""0-0"": 10.52, ""0-1"": 9.75, ""0-2"": 18.06, ""0-3"": 50.21, ""0-4"": 186.08, ""0-5"": 862.05, ""0-6"": 4792.45, ""1-0"": 9.78, ""1-1"": 7.74, ""1-2"": 12.52, ""1-3"": 30.86, ""1-4"": 102.77, ""1-5"": 432.25, ""1-6"": 2200.34, ""2-0"": 18.18, ""2-1"": 12.56, ""2-2"": 17.93, ""2-3"": 39.45, ""2-4"": 118.4, ""2-5"": 452.7, ""2-6"": 2110.57, ""3-0"": 50.71, ""3-1"": 31.07, ""3-2"": 39.58, ""3-3"": 78.27, ""3-4"": 212.59, ""3-5"": 740.57, ""3-6"": 3165.61, ""4-0"": 188.58, ""4-1"": 103.81, ""4-2"": 119.19, ""4-3"": 213.3, ""4-4"": 526.78, ""4-5"": 1676.98, ""4-6"": 6583.75, ""5-0"": 876.58, ""5-1"": 438.07, ""5-2"": 457.26, ""5-3"": 745.54, ""5-4"": 1682.6, ""5-5"": 4912.3, ""5-6"": 17754.01, ""6-0"": 4889.53, ""6-1"": 2237.42, ""6-2"": 2138.98, ""6-3"": 3197.51, ""6-4"": 6627.91, ""6-5"": 17813.46, ""6-6"": 59432.96}"
2026-10-06T11:35:51+00:00,26-27,6,2026-10-10 12:30:00,Arsenal,Leeds,0.7228,0.1854,0.0918,1.38,5.39,10.9,2.0595,0.5747,0.1987,1995.5997939968279,1796.16460672242,1190,50,2c6690adeec0,"{""0-0"": 16.99, ""0-1"": 29.57, ""0-2"": 102.92, ""0-3"": 537.26, ""0-4"": 3739.53, ""0-5"": 32535.9, ""0-6"": 339695.47, ""1-0"": 8.25, ""1-1"": 12.29, ""1-2"": 37.41, ""1-3"": 173.48, ""1-4"": 1086.18, ""1-5"": 8587.72, ""1-6"": 82161.29, ""2-0"": 8.01, ""2-1"": 10.44, ""2-2"": 28.08, ""2-3"": 116.38, ""2-4"": 657.53, ""2-5"": 4730.47, ""2-6"": 41485.93, ""3-0"": 11.67, ""3-1"": 13.51, ""3-2"": 32.48, ""3-3"": 121.1, ""3-4"": 619.86, ""3-5"": 4067.12, ""3-6"": 32730.96, ""4-0"": 22.67, ""4-1"": 23.6, ""4-2"": 51.2, ""4-3"": 172.97, ""4-4"": 805.87, ""4-5"": 4836.77, ""4-6"": 35782.21, ""5-0"": 55.05, ""5-1"": 52.07, ""5-2"": 102.78, ""5-3"": 316.69, ""5-4"": 1349.67, ""5-5"": 7435.88, ""5-6"": 50686.28, ""6-0"": 160.37, ""6-1"": 139.0, ""6-2"": 251.53, ""6-3"": 711.17, ""6-4"": 2786.2, ""6-5"": 14143.69, ""6-6"": 89074.38}"
2026-10-06T11:35:51+00:00,26-27,6,2026-10-10 15:00:00,Aston Villa,Brentford,0.4766,0.2626,0.2608,2.1,3.81,3.83,1.4691,1.0137,0.1987,1838.2402882742526,1822.0007031007835,1190,50,2c6690adeec0,"{""0-0"": 14.61, ""0-1"": 14.41, ""0-2"": 28.43, ""0-3"": 84.15, ""0-4"": 332.04, ""0-5"": 1637.82, ""0-6"": 9694.29, ""1-0"": 9.94, ""1-1"": 8.65, ""1-2"": 15.28, ""1-3"": 40.9, ""1-4"": 147.35, ""1-5"": 668.64, ""1-6"": 3664.42, ""2-0"": 13.54, ""2-1"": 10.54, ""2-2"": 16.79, ""2-3"": 40.87, ""2-4"": 134.87, ""2-5"": 564.02, ""2-6"": 2864.68, ""3-0"": 27.64, ""3-1"": 19.47, ""3-2"": 28.2, ""3-3"": 62.79, ""3-4"": 190.41, ""3-5"": 735.58, ""3-6"": 3467.34, ""4-0"": 75.26, ""4-1"": 48.4, ""4-2"": 64.21, ""4-3"": 131.38, ""4-4"": 367.61, ""4-5"": 1315.35, ""4-6"": 5764.55, ""5-0"": 256.13, ""5-1"": 151.55, ""5-2"": 185.27, ""5-3"": 350.2, ""5-4"": 907.57, ""5-5"": 3016.47, ""5-6"": 12316.64, ""6-0"": 1046.04, ""6-1"": 573.06, ""6-2"": 649.28, ""6-3"": 1138.97, ""6-4"": 2744.38, ""6-5"": 8498.28, ""6-6"": 32403.08}"
2026-10-06T11:35:51+00:00,26-27,6,2026-10-10 15:00:00,Chelsea,Bournemouth,0.4011,0.2646,0.3344,2.49,3.78,2.99,1.3589,1.217,0.1987,1809.1483051613352,1828.590706500687,1190,50,2c6690adeec0,"{""0-0"": 16.03, ""0-1"": 13.17, ""0-2"": 21.65, ""0-3"": 53.37, ""0-4"": 175.42, ""0-5"": 720.73, ""0-6"": 3553.4, ""1-0"": 11.8, ""1-1"": 8.65, ""1-2"": 12.84, ""1-3"": 28.87, ""1-4"": 87.18, ""1-5"": 331.3, ""1-6"": 1519.36, ""2-0"": 17.36, ""2-1"": 11.5, ""2-2"": 15.53, ""2-3"": 31.98, ""2-4"": 89.0, ""2-5"": 313.42, ""2-6"": 1338.46, ""3-0"": 38.34, ""3-1"": 23.15, ""3-2"": 28.64, ""3-3"": 54.26, ""3-4"": 139.64, ""3-5"": 456.71, ""3-6"": 1818.87, ""4-0"": 112.85, ""4-1"": 62.62, ""4-2"": 71.38, ""4-3"": 125.06, ""4-4"": 298.65, ""4-5"": 909.39, ""4-6"": 3383.35, ""5-0"": 415.23, ""5-1"": 213.13, ""5-2"": 225.13, ""5-3"": 366.31, ""5-4"": 814.43, ""5-5"": 2315.08, ""5-6"": 8062.15, ""6-0"": 1833.4, ""6-1"": 875.33, ""6-2"": 861.02, ""6-3"": 1306.5, ""6-4"": 2713.64, ""6-5"": 7220.27, ""6-6"": 23585.15}"
2026-10-06T11:35:51+00:00,26-27,6,2026-10-10 15:00:00,Ipswich,Fulham,0.228,0.2773,0.4946,4.39,3.61,2.02,0.8334,1.3706,0.1987,1543.9977462347447,1762.2179182742964,1190,50,2c6690adeec0,"{""0-0"": 11.05, ""0-1"": 8.06, ""0-2"": 11.77, ""0-3"": 25.76, ""0-4"": 75.18, ""0-5"": 274.25, ""0-6"": 1200.6, ""1-0"": 13.26, ""1-1"": 8.24, ""1-2"": 10.48, ""1-3"": 20.31, ""1-4"": 53.19, ""1-5"": 175.98, ""1-6"": 704.81, ""2-0"": 31.83, ""2-1"": 17.23, ""2-2"": 19.29, ""2-3"": 33.33, ""2-4"": 78.57, ""2-5"": 236.06, ""2-6"": 865.13, ""3-0"": 114.58, ""3-1"": 54.93, ""3-2"": 54.81, ""3-3"": 84.97, ""3-4"": 181.05, ""3-5"": 495.05, ""3-6"": 1661.84, ""4-0"": 549.94, ""4-1"": 236.59, ""4-2"": 212.5, ""4-3"": 297.75, ""4-4"": 576.18, ""4-5"": 1438.24, ""4-6"": 4429.94, ""5-0"": 3299.47, ""5-1"": 1287.36, ""5-2"": 1050.03, ""5-3"": 1338.97, ""5-4"": 2365.32, ""5-5"": 5409.01, ""5-6"": 15322.74, ""6-0"": 23754.88, ""6-1"": 8479.44, ""6-2"": 6328.74, ""6-3"": 7392.06, ""6-4"": 11981.64, ""6-5"": 25199.72, ""6-6"": 65838.52}"
2026-10-06T11:35:51+00:00,26-27,6,2026-10-10 15:00:00,Sunderland,Brighton,0.2957,0.2872,0.4171,3.38,3.48,2.4,0.9871,1.2296,0.1987,1715.2453564545588,1832.668975689604,1190,50,2c6690adeec0,"{""0-0"": 11.19, ""0-1"": 9.1, ""0-2"": 14.81, ""0-3"": 36.13, ""0-4"": 117.52, ""0-5"": 477.87, ""0-6"": 2331.78, ""1-0"": 11.34, ""1-1"": 7.93, ""1-2"": 11.3, ""1-3"": 24.54, ""1-4"": 71.94, ""1-5"": 266.19, ""1-6"": 1191.6, ""2-0"": 22.98, ""2-1"": 14.08, ""2-2"": 17.79, ""2-3"": 34.6, ""2-4"": 91.67, ""2-5"": 309.09, ""2-6"": 1269.86, ""3-0"": 69.84, ""3-1"": 38.09, ""3-2"": 43.1, ""3-3"": 75.57, ""3-4"": 181.69, ""3-5"": 559.53, ""3-6"": 2112.22, ""4-0"": 283.04, ""4-1"": 139.08, ""4-2"": 142.26, ""4-3"": 226.34, ""4-4"": 496.11, ""4-5"": 1399.6, ""4-6"": 4863.17, ""5-0"": 1433.76, ""5-1"": 641.1, ""5-2"": 597.56, ""5-3"": 868.35, ""5-4"": 1743.55, ""5-5"": 4521.38, ""5-6"": 14494.04, ""6-0"": 8715.37, ""6-1"": 3575.17, ""6-2"": 3058.36, ""6-3"": 4083.55, ""6-4"": 7547.18, ""6-5"": 18056.04, ""6-6"": 53543.62}"
2026-10-06T11:35:51+00:00,26-27,6,2026-10-10 17:30:00,Man United,Tottenham,0.5891,0.2421,0.1689,1.7,4.13,5.92,1.6576,0.7574,0.1987,1854.144650038824,1704.5258914283459,1190,50,2c6690adeec0,"{""0-0"": 13.65, ""0-1"": 18.02, ""0-2"": 47.59, ""0-3"": 188.49, ""0-4"": 995.45, ""0-5"": 6571.24, ""0-6"": 52054.52, ""1-0"": 8.24, ""1-1"": 9.39, ""1-2"": 21.81, ""1-3"": 77.1, ""1-4"": 367.7, ""1-5"": 2212.81, ""1-6"": 16105.81, ""2-0"": 9.94, ""2-1"": 9.96, ""2-2"": 20.58, ""2-3"": 65.33, ""2-4"": 282.25, ""2-5"": 1550.83, ""2-6"": 10376.74, ""3-0"": 17.98, ""3-1"": 16.1, ""3-2"": 29.85, ""3-3"": 85.63, ""3-4"": 336.5, ""3-5"": 1692.01, ""3-6"": 10420.23, ""4-0"": 43.39, ""4-1"": 35.08, ""4-2"": 58.93, ""4-3"": 153.76, ""4-4"": 551.95, ""4-5"": 2547.25, ""4-6"": 14464.37, ""5-0"": 130.88, ""5-1"": 96.46, ""5-2"": 147.95, ""5-3"": 353.26, ""5-4"": 1163.91, ""5-5"": 4946.38, ""5-6"": 25956.99, ""6-0"": 473.75, ""6-1"": 320.79, ""6-2"": 452.33, ""6-3"": 994.08, ""6-4"": 3019.92, ""6-5"": 11860.48, ""6-6"": 57669.23}"
2026-10-06T11:35:51+00:00,26-27,6,2026-10-11 14:00:00,Crystal Palace,Nott'm Forest,0.3525,0.2708,0.3767,2.84,3.69,2.65,1.2181,1.2687,0.1987,1753.3043601396696,1765.7990923977304,1190,50,2c6690adeec0,"{""0-0"": 14.67, ""0-1"": 11.56, ""0-2"": 18.22, ""0-3"": 43.09, ""0-4"": 135.86, ""0-5"": 535.42, ""0-6"": 2532.13, ""1-0"": 12.04, ""1-1"": 8.41, ""1-2"": 11.9, ""1-3"": 25.53, ""1-4"": 73.65, ""1-5"": 267.53, ""1-6"": 1173.36, ""2-0"": 19.77, ""2-1"": 12.39, ""2-2"": 15.87, ""2-3"": 31.05, ""2-4"": 82.22, ""2-5"": 275.79, ""2-6"": 1122.95, ""3-0"": 48.69, ""3-1"": 27.69, ""3-2"": 32.34, ""3-3"": 57.96, ""3-4"": 141.4, ""3-5"": 438.98, ""3-6"": 1661.71, ""4-0"": 159.88, ""4-1"": 83.21, ""4-2"": 89.19, ""4-3"": 147.27, ""4-4"": 332.13, ""4-5"": 956.84, ""4-6"": 3373.31, ""5-0"": 656.28, ""5-1"": 314.84, ""5-2"": 311.62, ""5-3"": 476.22, ""5-4"": 996.6, ""5-5"": 2671.74, ""5-6"": 8790.29, ""6-0"": 3232.67, ""6-1"": 1438.23, ""6-2"": 1321.53, ""6-3"": 1877.56, ""6-4"": 3659.44, ""6-5"": 9155.51, ""6-6"": 28174.12}"
2026-10-06T11:35:51+00:00,26-27,6,2026-10-11 14:00:00,Hull,Everton,0.2154,0.2658,0.5188,4.64,3.76,1.93,0.8399,1.4657,0.1987,1558.311241022275,1790.4607068133078,1190,50,2c6690adeec0,"{""0-0"": 12.24, ""0-1"": 8.35, ""0-2"": 11.39, ""0-3"": 23.31, ""0-4"": 63.62, ""0-5"": 217.03, ""0-6"": 888.43, ""1-0"": 14.57, ""1-1"": 8.56, ""1-2"": 10.25, ""1-3"": 18.7, ""1-4"": 46.03, ""1-5"": 142.99, ""1-6"": 537.32, ""2-0"": 34.69, ""2-1"": 17.89, ""2-2"": 19.02, ""2-3"": 31.11, ""2-4"": 69.27, ""2-5"": 196.24, ""2-6"": 677.28, ""3-0"": 123.92, ""3-1"": 56.96, ""3-2"": 54.29, ""3-3"": 80.11, ""3-4"": 162.03, ""3-5"": 419.63, ""3-6"": 1331.66, ""4-0"": 590.2, ""4-1"": 244.66, ""4-2"": 210.97, ""4-3"": 282.78, ""4-4"": 521.91, ""4-5"": 1239.16, ""4-6"": 3622.17, ""5-0"": 3513.66, ""5-1"": 1326.44, ""5-2"": 1043.11, ""5-3"": 1278.1, ""5-4"": 2162.59, ""5-5"": 4723.32, ""5-6"": 12746.79, ""6-0"": 25101.59, ""6-1"": 8698.96, ""6-2"": 6282.78, ""6-3"": 7078.35, ""6-4"": 11032.2, ""6-5"": 22245.76, ""6-6"": 55573.03}"
2026-10-06T11:35:51+00:00,26-27,6,2026-10-11 16:30:00,Liverpool,Man City,0.3661,0.2712,0.3626,2.73,3.69,2.76,1.2444,1.2371,0.1987,1887.814874585483,2000.051895501094,1190,50,2c6690adeec0,"{""0-0"": 14.59, ""0-1"": 11.79, ""0-2"": 19.06, ""0-3"": 46.23, ""0-4"": 149.49, ""0-5"": 604.22, ""0-6"": 2930.56, ""1-0"": 11.72, ""1-1"": 8.39, ""1-2"": 12.18, ""1-3"": 26.78, ""1-4"": 79.22, ""1-5"": 295.08, ""1-6"": 1327.06, ""2-0"": 18.84, ""2-1"": 12.11, ""2-2"": 15.89, ""2-3"": 31.85, ""2-4"": 86.47, ""2-5"": 297.37, ""2-6"": 1241.3, ""3-0"": 45.43, ""3-1"": 26.47, ""3-2"": 31.67, ""3-3"": 58.17, ""3-4"": 145.43, ""3-5"": 462.75, ""3-6"": 1795.53, ""4-0"": 146.02, ""4-1"": 77.84, ""4-2"": 85.47, ""4-3"": 144.57, ""4-4"": 334.08, ""4-5"": 986.28, ""4-6"": 3563.43, ""5-0"": 586.74, ""5-1"": 288.23, ""5-2"": 292.18, ""5-3"": 457.35, ""5-4"": 980.5, ""5-5"": 2693.13, ""5-6"": 9079.14, ""6-0"": 2829.15, ""6-1"": 1288.68, ""6-2"": 1212.5, ""6-3"": 1764.19, ""6-4"": 3521.85, ""6-5"": 9026.01, ""6-6"": 28455.74}"
2026-10-06T11:35:51+00:00,26-27,6,2026-10-12 20:00:00,Coventry,Newcastle,0.1853,0.2565,0.5581,5.4,3.9,1.79,0.7654,1.5419,0.1987,1447.026727063337,1803.8277916382592,1190,50,2c6690adeec0,"{""0-0"": 12.26, ""0-1"": 7.95, ""0-2"": 10.31, ""0-3"": 20.06, ""0-4"": 52.04, ""0-5"": 168.73, ""0-6"": 656.58, ""1-0"": 16.01, ""1-1"": 8.89, ""1-2"": 10.08, ""1-3"": 17.41, ""1-4"": 40.62, ""1-5"": 119.68, ""1-6"": 426.7, ""2-0"": 41.85, ""2-1"": 20.3, ""2-2"": 20.34, ""2-3"": 31.41, ""2-4"": 66.1, ""2-5"": 177.19, ""2-6"": 578.99, ""3-0"": 164.02, ""3-1"": 70.67, ""3-2"": 63.27, ""3-3"": 87.87, ""3-4"": 167.54, ""3-5"": 409.49, ""3-6"": 1227.7, ""4-0"": 857.21, ""4-1"": 332.17, ""4-2"": 268.3, ""4-3"": 337.52, ""4-4"": 585.64, ""4-5"": 1309.17, ""4-6"": 3607.59, ""5-0"": 5599.93, ""5-1"": 1971.59, ""5-2"": 1448.84, ""5-3"": 1662.02, ""5-4"": 2637.49, ""5-5"": 5411.29, ""5-6"": 13737.47, ""6-0"": 43899.5, ""6-1"": 14161.21, ""6-2"": 9537.86, ""6-3"": 10038.74, ""6-4"": 14642.29, ""6-5"": 27675.94, ""6-6"": 64905.17}"
2026-10-06T11:44:18+00:00,26-27,6,2026-10-10 12:30:00,Arsenal,Leeds,0.7228,0.1854,0.0918,1.38,5.39,10.9,2.0595,0.5747,0.1987,1995.5997939968279,1796.16460672242,1190,50,d99866e59b31,"{""0-0"": 16.99, ""0-1"": 29.57, ""0-2"": 102.92, ""0-3"": 537.26, ""0-4"": 3739.52, ""0-5"": 32535.77, ""0-6"": 339693.48, ""1-0"": 8.25, ""1-1"": 12.29, ""1-2"": 37.41, ""1-3"": 173.48, ""1-4"": 1086.18, ""1-5"": 8587.68, ""1-6"": 82160.82, ""2-0"": 8.01, ""2-1"": 10.44, ""2-2"": 28.08, ""2-3"": 116.38, ""2-4"": 657.52, ""2-5"": 4730.45, ""2-6"": 41485.69, ""3-0"": 11.67, ""3-1"": 13.51, ""3-2"": 32.48, ""3-3"": 121.1, ""3-4"": 619.86, ""3-5"": 4067.1, ""3-6"": 32730.76, ""4-0"": 22.67, ""4-1"": 23.6, ""4-2"": 51.2, ""4-3"": 172.97, ""4-4"": 805.86, ""4-5"": 4836.74, ""4-6"": 35781.98, ""5-0"": 55.05, ""5-1"": 52.07, ""5-2"": 102.78, ""5-3"": 316.69, ""5-4"": 1349.66, ""5-5"": 7435.83, ""5-6"": 50685.92, ""6-0"": 160.37, ""6-1"": 139.0, ""6-2"": 251.53, ""6-3"": 711.17, ""6-4"": 2786.18, ""6-5"": 14143.59, ""6-6"": 89073.68}"
2026-10-06T11:44:18+00:00,26-27,6,2026-10-10 15:00:00,Aston Villa,Brentford,0.4766,0.2626,0.2608,2.1,3.81,3.83,1.4691,1.0137,0.1987,1838.2402882742526,1822.0007031007835,1190,50,d99866e59b31,"{""0-0"": 14.61, ""0-1"": 14.41, ""0-2"": 28.43, ""0-3"": 84.15, ""0-4"": 332.04, ""0-5"": 1637.81, ""0-6"": 9694.24, ""1-0"": 9.94, ""1-1"": 8.65, ""1-2"": 15.28, ""1-3"": 40.9, ""1-4"": 147.35, ""1-5"": 668.64, ""1-6"": 3664.39, ""2-0"": 13.54, ""2-1"": 10.54, ""2-2"": 16.79, ""2-3"": 40.87, ""2-4"": 134.87, ""2-5"": 564.02, ""2-6"": 2864.67, ""3-0"": 27.64, ""3-1"": 19.47, ""3-2"": 28.2, ""3-3"": 62.79, ""3-4"": 190.41, ""3-5"": 735.58, ""3-6"": 3467.31, ""4-0"": 75.26, ""4-1"": 48.4, ""4-2"": 64.21, ""4-3"": 131.38, ""4-4"": 367.61, ""4-5"": 1315.34, ""4-6"": 5764.51, ""5-0"": 256.13, ""5-1"": 151.55, ""5-2"": 185.27, ""5-3"": 350.19, ""5-4"": 907.56, ""5-5"": 3016.45, ""5-6"": 12316.54, ""6-0"": 1046.04, ""6-1"": 573.06, ""6-2"": 649.28, ""6-3"": 1138.96, ""6-4"": 2744.36, ""6-5"": 8498.22, ""6-6"": 32402.8}"
2026-10-06T11:44:18+00:00,26-27,6,2026-10-10 15:00:00,Chelsea,Bournemouth,0.4011,0.2646,0.3344,2.49,3.78,2.99,1.3589,1.217,0.1987,1809.1483051613352,1828.590706500687,1190,50,d99866e59b31,"{""0-0"": 16.03, ""0-1"": 13.17, ""0-2"": 21.65, ""0-3"": 53.37, ""0-4"": 175.42, ""0-5"": 720.73, ""0-6"": 3553.4, ""1-0"": 11.8, ""1-1"": 8.65, ""1-2"": 12.84, ""1-3"": 28.87, ""1-4"": 87.18, ""1-5"": 331.3, ""1-6"": 1519.36, ""2-0"": 17.36, ""2-1"": 11.5, ""2-2"": 15.53, ""2-3"": 31.98, ""2-4"": 89.0, ""2-5"": 313.42, ""2-6"": 1338.46, ""3-0"": 38.34, ""3-1"": 23.15, ""3-2"": 28.64, ""3-3"": 54.26, ""3-4"": 139.64, ""3-5"": 456.71, ""3-6"": 1818.87, ""4-0"": 112.85, ""4-1"": 62.62, ""4-2"": 71.38, ""4-3"": 125.06, ""4-4"": 298.65, ""4-5"": 909.39, ""4-6"": 3383.35, ""5-0"": 415.23, ""5-1"": 213.13, ""5-2"": 225.13, ""5-3"": 366.31, ""5-4"": 814.43, ""5-5"": 2315.08, ""5-6"": 8062.15, ""6-0"": 1833.41, ""6-1"": 875.33, ""6-2"": 861.02, ""6-3"": 1306.5, ""6-4"": 2713.64, ""6-5"": 7220.26, ""6-6"": 23585.14}"
2026-10-06T11:44:18+00:00,26-27,6,2026-10-10 15:00:00,Ipswich,Fulham,0.228,0.2773,0.4946,4.39,3.61,2.02,0.8334,1.3706,0.1987,1543.9977462347447,1762.2179182742964,1190,50,d99866e59b31,"{""0-0"": 11.05, ""0-1"": 8.06, ""0-2"": 11.77, ""0-3"": 25.76, ""0-4"": 75.18, ""0-5"": 274.25, ""0-6"": 1200.61, ""1-0"": 13.26, ""1-1"": 8.24, ""1-2"": 10.48, ""1-3"": 20.31, ""1-4"": 53.19, ""1-5"": 175.98, ""1-6"": 704.81, ""2-0"": 31.83, ""2-1"": 17.23, ""2-2"": 19.29, ""2-3"": 33.33, ""2-4"": 78.57, ""2-5"": 236.06, ""2-6"": 865.13, ""3-0"": 114.58, ""3-1"": 54.93, ""3-2"": 54.81, ""3-3"": 84.97, ""3-4"": 181.05, ""3-5"": 495.06, ""3-6"": 1661.85, ""4-0"": 549.94, ""4-1"": 236.58, ""4-2"": 212.5, ""4-3"": 297.75, ""4-4"": 576.19, ""4-5"": 1438.24, ""4-6"": 4429.97, ""5-0"": 3299.47, ""5-1"": 1287.35, ""5-2"": 1050.03, ""5-3"": 1338.97, ""5-4"": 2365.32, ""5-5"": 5409.04, ""5-6"": 15322.83, ""6-0"": 23754.82, ""6-1"": 8479.42, ""6-2"": 6328.74, ""6-3"": 7392.07, ""6-4"": 11981.67, ""6-5"": 25199.82, ""6-6"": 65838.88}"
2026-10-06T11:44:18+00:00,26-27,6,2026-10-10 15:00:00,Sunderland,Brighton,0.2957,0.2872,0.4171,3.38,3.48,2.4,0.9871,1.2296,0.1987,1715.2453564545588,1832.668975689604,1190,50,d99866e59b31,"{""0-0"": 11.19, ""0-1"": 9.1, ""0-2"": 14.81, ""0-3"": 36.13, ""0-4"": 117.52, ""0-5"": 477.88, ""0-6"": 2331.8, ""1-0"": 11.34, ""1-1"": 7.93, ""1-2"": 11.3, ""1-3"": 24.54, ""1-4"": 71.94, ""1-5"": 266.19, ""1-6"": 1191.61, ""2-0"": 22.98, ""2-1"": 14.08, ""2-2"": 17.79, ""2-3"": 34.6, ""2-4"": 91.67, ""2-5"": 309.09, ""2-6"": 1269.87, ""3-0"": 69.84, ""3-1"": 38.09, ""3-2"": 43.1, ""3-3"": 75.57, ""3-4"": 181.69, ""3-5"": 559.54, ""3-6"": 2112.23, ""4-0"": 283.04, ""4-1"": 139.08, ""4-2"": 142.26, ""4-3"": 226.34, ""4-4"": 496.11, ""4-5"": 1399.6, ""4-6"": 4863.19, ""5-0"": 1433.76, ""5-1"": 641.1, ""5-2"": 597.56, ""5-3"": 868.35, ""5-4"": 1743.56, ""5-5"": 4521.39, ""5-6"": 14494.12, ""6-0"": 8715.34, ""6-1"": 3575.16, ""6-2"": 3058.36, ""6-3"": 4083.55, ""6-4"": 7547.2, ""6-5"": 18056.09, ""6-6"": 53543.86}"
2026-10-06T11:44:18+00:00,26-27,6,2026-10-10 17:30:00,Man United,Tottenham,0.5891,0.2421,0.1689,1.7,4.13,5.92,1.6576,0.7574,0.1987,1854.144650038824,1704.5258914283459,1190,50,d99866e59b31,"{""0-0"": 13.65, ""0-1"": 18.02, ""0-2"": 47.59, ""0-3"": 188.49, ""0-4"": 995.45, ""0-5"": 6571.24, ""0-6"": 52054.48, ""1-0"": 8.24, ""1-1"": 9.39, ""1-2"": 21.81, ""1-3"": 77.1, ""1-4"": 367.7, ""1-5"": 2212.81, ""1-6"": 16105.81, ""2-0"": 9.94, ""2-1"": 9.96, ""2-2"": 20.58, ""2-3"": 65.33, ""2-4"": 282.25, ""2-5"": 1550.83, ""2-6"": 10376.75, ""3-0"": 17.98, ""3-1"": 16.1, ""3-2"": 29.85, ""3-3"": 85.64, ""3-4"": 336.5, ""3-5"": 1692.02, ""3-6"": 10420.25, ""4-0"": 43.39, ""4-1"": 35.08, ""4-2"": 58.93, ""4-3"": 153.76, ""4-4"": 551.95, ""4-5"": 2547.26, ""4-6"": 14464.42, ""5-0"": 130.88, ""5-1"": 96.46, ""5-2"": 147.95, ""5-3"": 353.27, ""5-4"": 1163.92, ""5-5"": 4946.4, ""5-6"": 25957.12, ""6-0"": 473.75, ""6-1"": 320.79, ""6-2"": 452.33, ""6-3"": 994.09, ""6-4"": 3019.94, ""6-5"": 11860.56, ""6-6"": 57669.59}"
2026-10-06T11:44:18+00:00,26-27,6,2026-10-11 14:00:00,Crystal Palace,Nott'm Forest,0.3525,0.2708,0.3767,2.84,3.69,2.65,1.2181,1.2687,0.1987,1753.3043601396696,1765.7990923977304,1190,50,d99866e59b31,"{""0-0"": 14.67, ""0-1"": 11.56, ""0-2"": 18.22, ""0-3"": 43.09, ""0-4"": 135.86, ""0-5"": 535.42, ""0-6"": 2532.12, ""1-0"": 12.04, ""1-1"": 8.41, ""1-2"": 11.9, ""1-3"": 25.53, ""1-4"": 73.65, ""1-5"": 267.53, ""1-6"": 1173.36, ""2-0"": 19.77, ""2-1"": 12.39, ""2-2"": 15.87, ""2-3"": 31.05, ""2-4"": 82.22, ""2-5"": 275.79, ""2-6"": 1122.95, ""3-0"": 48.69, ""3-1"": 27.69, ""3-2"": 32.34, ""3-3"": 57.96, ""3-4"": 141.4, ""3-5"": 438.98, ""3-6"": 1661.71, ""4-0"": 159.88, ""4-1"": 83.21, ""4-2"": 89.19, ""4-3"": 147.27, ""4-4"": 332.13, ""4-5"": 956.84, ""4-6"": 3373.31, ""5-0"": 656.28, ""5-1"": 314.84, ""5-2"": 311.62, ""5-3"": 476.22, ""5-4"": 996.6, ""5-5"": 2671.75, ""5-6"": 8790.29, ""6-0"": 3232.67, ""6-1"": 1438.23, ""6-2"": 1321.53, ""6-3"": 1877.56, ""6-4"": 3659.44, ""6-5"": 9155.51, ""6-6"": 28174.13}"
2026-10-06T11:44:18+00:00,26-27,6,2026-10-11 14:00:00,Hull,Everton,0.2154,0.2658,0.5188,4.64,3.76,1.93,0.8399,1.4657,0.1987,1558.311241022275,1790.4607068133078,1190,50,d99866e59b31,"{""0-0"": 12.24, ""0-1"": 8.35, ""0-2"": 11.39, ""0-3"": 23.31, ""0-4"": 63.62, ""0-5"": 217.04, ""0-6"": 888.44, ""1-0"": 14.57, ""1-1"": 8.56, ""1-2"": 10.25, ""1-3"": 18.7, ""1-4"": 46.03, ""1-5"": 142.99, ""1-6"": 537.33, ""2-0"": 34.69, ""2-1"": 17.89, ""2-2"": 19.02, ""2-3"": 31.11, ""2-4"": 69.27, ""2-5"": 196.24, ""2-6"": 677.28, ""3-0"": 123.92, ""3-1"": 56.96, ""3-2"": 54.29, ""3-3"": 80.11, ""3-4"": 162.04, ""3-5"": 419.64, ""3-6"": 1331.67, ""4-0"": 590.2, ""4-1"": 244.66, ""4-2"": 210.97, ""4-3"": 282.78, ""4-4"": 521.91, ""4-5"": 1239.17, ""4-6"": 3622.2, ""5-0"": 3513.65, ""5-1"": 1326.44, ""5-2"": 1043.11, ""5-3"": 1278.1, ""5-4"": 2162.6, ""5-5"": 4723.35, ""5-6"": 12746.89, ""6-0"": 25101.57, ""6-1"": 8698.97, ""6-2"": 6282.79, ""6-3"": 7078.37, ""6-4"": 11032.25, ""6-5"": 22245.89, ""6-6"": 55573.46}"
2026-10-06T11:44:18+00:00,26-27,6,2026-10-11 16:30:00,Liverpool,Man City,0.3661,0.2712,0.3626,2.73,3.69,2.76,1.2444,1.2371,0.1987,1887.814874585483,2000.051895501094,1190,50,d99866e59b31,"{""0-0"": 14.59, ""0-1"": 11.79, ""0-2"": 19.06, ""0-3"": 46.23, ""0-4"": 149.49, ""0-5"": 604.22, ""0-6"": 2930.55, ""1-0"": 11.72, ""1-1"": 8.39, ""1-2"": 12.18, ""1-3"": 26.78, ""1-4"": 79.22, ""1-5"": 295.08, ""1-6"": 1327.06, ""2-0"": 18.84, ""2-1"": 12.11, ""2-2"": 15.89, ""2-3"": 31.85, ""2-4"": 86.47, ""2-5"": 297.36, ""2-6"": 1241.3, ""3-0"": 45.43, ""3-1"": 26.47, ""3-2"": 31.67, ""3-3"": 58.17, ""3-4"": 145.43, ""3-5"": 462.75, ""3-6"": 1795.52, ""4-0"": 146.02, ""4-1"": 77.84, ""4-2"": 85.46, ""4-3"": 144.57, ""4-4"": 334.08, ""4-5"": 986.27, ""4-6"": 3563.42, ""5-0"": 586.74, ""5-1"": 288.23, ""5-2"": 292.17, ""5-3"": 457.35, ""5-4"": 980.5, ""5-5"": 2693.12, ""5-6"": 9079.11, ""6-0"": 2829.14, ""6-1"": 1288.68, ""6-2"": 1212.49, ""6-3"": 1764.18, ""6-4"": 3521.83, ""6-5"": 9025.97, ""6-6"": 28455.61}"
2026-10-06T11:44:18+00:00,26-27,6,2026-10-12 20:00:00,Coventry,Newcastle,0.1853,0.2565,0.5581,5.4,3.9,1.79,0.7654,1.5419,0.1987,1447.026727063337,1803.8277916382592,1190,50,d99866e59b31,"{""0-0"": 12.26, ""0-1"": 7.95, ""0-2"": 10.31, ""0-3"": 20.06, ""0-4"": 52.04, ""0-5"": 168.74, ""0-6"": 656.58, ""1-0"": 16.01, ""1-1"": 8.89, ""1-2"": 10.08, ""1-3"": 17.41, ""1-4"": 40.62, ""1-5"": 119.68, ""1-6"": 426.7, ""2-0"": 41.85, ""2-1"": 20.3, ""2-2"": 20.34, ""2-3"": 31.41, ""2-4"": 66.1, ""2-5"": 177.19, ""2-6"": 578.99, ""3-0"": 164.02, ""3-1"": 70.67, ""3-2"": 63.27, ""3-3"": 87.87, ""3-4"": 167.54, ""3-5"": 409.5, ""3-6"": 1227.71, ""4-0"": 857.21, ""4-1"": 332.17, ""4-2"": 268.3, ""4-3"": 337.53, ""4-4"": 585.64, ""4-5"": 1309.18, ""4-6"": 3607.64, ""5-0"": 5599.97, ""5-1"": 1971.61, ""5-2"": 1448.85, ""5-3"": 1662.04, ""5-4"": 2637.52, ""5-5"": 5411.35, ""5-6"": 13737.64, ""6-0"": 43899.94, ""6-1"": 14161.35, ""6-2"": 9537.96, ""6-3"": 10038.84, ""6-4"": 14642.46, ""6-5"": 27676.29, ""6-6"": 64906.06}"
