Div,Date,Time,HomeTeam,AwayTeam,Referee,B365H,B365D,B365A,BFDH,BFDD,BFDA,BVH,BVD,BVA,BWH,BWD,BWA,PPH,PPD,PPA,SKBH,SKBD,SKBA,MaxH,MaxD,MaxA,AvgH,AvgD,AvgA,BFEH,BFED,BFEA,B365>2.5,B365<2.5,Max>2.5,Max<2.5,Avg>2.5,Avg<2.5,BFE>2.5,BFE<2.5,AHh,B365AHH,B365AHA,MaxAHH,MaxAHA,AvgAHH,AvgAHA,BFEAHH,BFEAHA,B365CH,B365CD,B365CA,BFDCH,BFDCD,BFDCA,BVCH,BVCD,BVCA,BWCH,BWCD,BWCA,PPCH,PPCD,PPCA,SKBCH,SKBCD,SKBCA,MaxCH,MaxCD,MaxCA,AvgCH,AvgCD,AvgCA,BFECH,BFECD,BFECA,B365C>2.5,B365C<2.5,MaxC>2.5,MaxC<2.5,AvgC>2.5,AvgC<2.5,BFEC>2.5,BFEC<2.5,AHCh,B365CAHH,B365CAHA,MaxCAHH,MaxCAHA,AvgCAHH,AvgCAHA,BFECAHH,BFECAHA
F1,09/10/2026,19:45,Lens,Lyon,,2.5,3.6,2.63,2.38,3.75,2.75,2.4,3.8,2.63,2.4,3.7,2.7,2.3,3.6,2.75,2.3,3.7,2.75,2.5,3.8,2.8,2.38,3.68,2.7,2.58,3.8,2.82,1.53,2.5,1.58,2.55,1.51,2.46,1.58,2.68,0.0,1.85,2.0,1.85,2.08,1.78,1.98,1.9,2.08,,,,,,,,,,,,,,,,,,,,,,,,,,,,,,,,,,,,,,,,,,,,
F1,10/10/2026,16:15,Lille,Le Havre,,1.44,4.5,7.5,1.44,4.6,7.0,1.4,4.5,6.5,1.44,4.8,6.5,1.4,4.75,7.0,1.4,4.6,7.0,1.44,4.8,7.9,1.42,4.66,6.76,1.46,5.1,7.8,1.62,2.3,1.62,2.3,1.6,2.25,1.67,2.4,-1.25,1.95,1.9,1.95,1.9,1.89,1.85,2.0,1.93,,,,,,,,,,,,,,,,,,,,,,,,,,,,,,,,,,,,,,,,,,,,
F1,10/10/2026,19:45,Brest,Angers,,2.0,3.6,3.75,2.0,3.75,3.5,1.93,3.5,3.5,1.98,3.7,3.6,2.0,3.6,3.5,2.0,3.6,3.4,2.02,3.75,3.75,1.98,3.61,3.53,2.06,3.8,3.8,1.73,2.1,1.75,2.1,1.72,2.04,1.79,2.18,-0.5,2.0,1.85,2.0,1.85,1.93,1.8,2.07,1.91,,,,,,,,,,,,,,,,,,,,,,,,,,,,,,,,,,,,,,,,,,,,
F1,10/10/2026,19:45,Lorient,Paris FC,,3.25,3.4,2.2,3.1,3.5,2.25,3.1,3.3,2.15,3.2,3.25,2.3,3.1,3.4,2.2,3.1,3.4,2.2,3.25,3.5,2.3,3.15,3.33,2.23,3.45,3.45,2.3,1.98,1.88,1.98,1.91,1.88,1.85,2.02,1.92,0.25,1.93,1.93,1.93,1.93,1.86,1.88,1.99,1.97,,,,,,,,,,,,,,,,,,,,,,,,,,,,,,,,,,,,,,,,,,,,
F1,10/10/2026,19:45,Monaco,Toulouse,,1.6,4.1,5.5,1.6,4.2,5.0,1.55,4.1,5.0,1.61,4.4,4.8,1.57,4.2,5.0,1.57,4.2,5.0,1.61,4.4,5.75,1.59,4.22,5.03,1.63,4.6,5.7,1.57,2.38,1.58,2.4,1.55,2.34,1.6,2.54,-1.0,2.0,1.85,2.0,1.85,1.94,1.8,2.05,1.91,,,,,,,,,,,,,,,,,,,,,,,,,,,,,,,,,,,,,,,,,,,,
F1,10/10/2026,19:45,Paris SG,Le Mans,,1.09,12.0,21.0,1.08,11.0,23.0,1.06,10.0,21.0,1.1,12.5,21.0,1.06,13.0,29.0,1.06,12.0,23.0,1.1,13.0,29.0,1.08,11.3,22.06,1.1,14.5,28.0,1.22,4.33,1.23,4.5,1.2,4.24,1.25,4.6,-2.75,1.88,1.98,1.88,1.98,1.82,1.93,1.94,1.96,,,,,,,,,,,,,,,,,,,,,,,,,,,,,,,,,,,,,,,,,,,,
F1,11/10/2026,14:00,Nice,Strasbourg,,2.35,3.6,3.0,2.3,3.6,2.88,2.25,3.5,2.8,2.25,3.6,2.95,2.25,3.7,2.8,2.25,3.6,2.8,2.35,3.7,3.0,2.29,3.56,2.87,2.4,3.75,3.1,1.67,2.2,1.67,2.2,1.66,2.13,1.72,2.28,-0.25,2.03,1.83,2.03,1.83,1.97,1.78,2.08,1.9,,,,,,,,,,,,,,,,,,,,,,,,,,,,,,,,,,,,,,,,,,,,
F1,11/10/2026,16:15,Rennes,Auxerre,,1.44,4.75,7.0,1.44,4.6,6.5,1.4,4.6,6.5,1.43,5.0,6.5,1.4,4.75,6.5,1.4,4.75,6.5,1.45,5.0,7.4,1.42,4.83,6.43,1.45,5.3,7.2,1.5,2.63,1.5,2.63,1.47,2.56,1.52,2.7,-1.25,1.93,1.93,1.93,1.93,1.88,1.87,1.95,1.99,,,,,,,,,,,,,,,,,,,,,,,,,,,,,,,,,,,,,,,,,,,,
F1,11/10/2026,19:45,Troyes,Marseille,,3.75,3.75,1.91,3.75,4.0,1.83,3.5,3.75,1.85,3.8,3.9,1.87,3.7,3.8,1.85,3.6,3.8,1.85,3.8,4.0,1.98,3.66,3.81,1.88,3.85,3.95,2.02,1.57,2.38,1.58,2.38,1.57,2.3,1.63,2.42,0.5,1.98,1.88,1.98,1.91,1.87,1.85,1.96,2.02,,,,,,,,,,,,,,,,,,,,,,,,,,,,,,,,,,,,,,,,,,,,
