run_timestamp,season,round,kickoff,home_team,away_team,p_home,p_draw,p_away,fair_odds_home,fair_odds_draw,fair_odds_away,lambda_home,lambda_away,lambda_shared,home_elo,away_elo,n_train,model,model_trained_at,n_current_season_played,data_signature,scoreline_fair_odds_json
2026-10-09T13:01:29+00:00,26-27,8,2026-10-09 20:00:00,Malaga,Espanol,0.2957,0.2773,0.4271,3.38,3.61,2.34,1.0376,1.3066,0.113,1553.4622787785727,1641.3940090122198,1140,la_liga,2026-10-09T13:01:29+00:00,69,352b0293c929-c9d046,"{""0-0"": 11.67, ""0-1"": 8.93, ""0-2"": 13.67, ""0-3"": 31.4, ""0-4"": 96.11, ""0-5"": 367.79, ""0-6"": 1688.89, ""1-0"": 11.25, ""1-1"": 7.95, ""1-2"": 11.3, ""1-3"": 24.21, ""1-4"": 69.47, ""1-5"": 250.2, ""1-6"": 1085.08, ""2-0"": 21.68, ""2-1"": 14.22, ""2-2"": 18.85, ""2-3"": 37.83, ""2-4"": 102.02, ""2-5"": 346.4, ""2-6"": 1420.6, ""3-0"": 62.69, ""3-1"": 38.38, ""3-2"": 47.64, ""3-3"": 89.76, ""3-4"": 228.0, ""3-5"": 731.18, ""3-6"": 2839.34, ""4-0"": 241.68, ""4-1"": 138.72, ""4-2"": 161.78, ""4-3"": 287.12, ""4-4"": 688.51, ""4-5"": 2089.17, ""4-6"": 7692.74, ""5-0"": 1164.6, ""5-1"": 629.14, ""5-2"": 691.72, ""5-3"": 1159.47, ""5-4"": 2630.81, ""5-5"": 7566.94, ""5-6"": 26459.85, ""6-0"": 6734.36, ""6-1"": 3435.91, ""6-2"": 3572.2, ""6-3"": 5669.76, ""6-4"": 12198.68, ""6-5"": 33319.87, ""6-6"": 110810.4}"
2026-10-09T13:01:29+00:00,26-27,8,2026-10-10 13:00:00,Vallecano,Ath Bilbao,0.4287,0.2782,0.2931,2.33,3.6,3.41,1.303,1.026,0.113,1721.221626854384,1715.5539242049986,1140,la_liga,2026-10-09T13:01:29+00:00,69,352b0293c929-c9d046,"{""0-0"": 11.5, ""0-1"": 11.2, ""0-2"": 21.84, ""0-3"": 63.87, ""0-4"": 249.0, ""0-5"": 1213.52, ""0-6"": 7096.9, ""1-0"": 8.82, ""1-1"": 7.93, ""1-2"": 14.34, ""1-3"": 39.1, ""1-4"": 142.82, ""1-5"": 654.67, ""1-6"": 3613.92, ""2-0"": 13.54, ""2-1"": 11.29, ""2-2"": 19.03, ""2-3"": 48.54, ""2-4"": 166.49, ""2-5"": 719.05, ""2-6"": 3751.38, ""3-0"": 31.18, ""3-1"": 24.24, ""3-2"": 38.22, ""3-3"": 91.51, ""3-4"": 295.45, ""3-5"": 1204.46, ""3-6"": 5946.83, ""4-0"": 95.72, ""4-1"": 69.72, ""4-2"": 103.22, ""4-3"": 232.63, ""4-4"": 708.61, ""4-5"": 2731.8, ""4-6"": 12783.01, ""5-0"": 367.3, ""5-1"": 251.65, ""5-2"": 351.03, ""5-3"": 746.76, ""5-4"": 2151.01, ""5-5"": 7856.43, ""5-6"": 34893.87, ""6-0"": 1691.35, ""6-1"": 1093.83, ""6-2"": 1442.01, ""6-3"": 2903.14, ""6-4"": 7925.41, ""6-5"": 27475.36, ""6-6"": 116002.35}"
2026-10-09T13:01:29+00:00,26-27,8,2026-10-10 15:15:00,Alaves,Ath Madrid,0.2984,0.2852,0.4164,3.35,3.51,2.4,1.0037,1.2406,0.113,1686.0970238419657,1844.0553410593413,1140,la_liga,2026-10-09T13:01:29+00:00,69,352b0293c929-c9d046,"{""0-0"": 10.56, ""0-1"": 8.51, ""0-2"": 13.73, ""0-3"": 33.19, ""0-4"": 107.01, ""0-5"": 431.27, ""0-6"": 2085.73, ""1-0"": 10.52, ""1-1"": 7.78, ""1-2"": 11.57, ""1-3"": 25.99, ""1-4"": 78.22, ""1-5"": 295.57, ""1-6"": 1345.46, ""2-0"": 20.97, ""2-1"": 14.31, ""2-2"": 19.75, ""2-3"": 41.34, ""2-4"": 116.42, ""2-5"": 413.18, ""2-6"": 1772.56, ""3-0"": 62.67, ""3-1"": 39.71, ""3-2"": 51.09, ""3-3"": 100.0, ""3-4"": 264.2, ""3-5"": 882.38, ""3-6"": 3572.55, ""4-0"": 249.75, ""4-1"": 147.7, ""4-2"": 177.85, ""4-3"": 326.55, ""4-4"": 811.49, ""4-5"": 2555.55, ""4-6"": 9779.62, ""5-0"": 1244.1, ""5-1"": 689.83, ""5-2"": 780.19, ""5-3"": 1348.03, ""5-4"": 3158.68, ""5-5"": 9398.29, ""5-6"": 34048.15, ""6-0"": 7436.73, ""6-1"": 3881.27, ""6-2"": 4136.99, ""6-3"": 6745.9, ""6-4"": 14940.44, ""6-5"": 42083.72, ""6-6"": 144568.5}"
2026-10-09T13:01:29+00:00,26-27,8,2026-10-10 17:30:00,Barcelona,Getafe,0.9127,0.0607,0.0266,1.1,16.48,37.56,3.9001,0.6593,0.113,1991.5307254628128,1674.722823743221,1140,la_liga,2026-10-09T13:01:29+00:00,69,352b0293c929-c9d046,"{""0-0"": 106.95, ""0-1"": 162.22, ""0-2"": 492.13, ""0-3"": 2239.43, ""0-4"": 13587.32, ""0-5"": 103048.1, ""0-6"": 937836.77, ""1-0"": 27.42, ""1-1"": 39.84, ""1-2"": 115.99, ""1-3"": 507.32, ""1-4"": 2963.01, ""1-5"": 21662.24, ""1-6"": 190291.3, ""2-0"": 14.06, ""2-1"": 19.61, ""2-2"": 54.85, ""2-3"": 230.9, ""2-4"": 1299.56, ""2-5"": 9166.94, ""2-6"": 77786.34, ""3-0"": 10.82, ""3-1"": 14.5, ""3-2"": 39.03, ""3-3"": 158.3, ""3-4"": 859.49, ""3-5"": 5854.82, ""3-6"": 48027.25, ""4-0"": 11.09, ""4-1"": 14.31, ""4-2"": 37.13, ""4-3"": 145.29, ""4-4"": 761.69, ""4-5"": 5015.06, ""4-6"": 39799.11, ""5-0"": 14.22, ""5-1"": 17.69, ""5-2"": 44.28, ""5-3"": 167.3, ""5-4"": 847.74, ""5-5"": 5399.46, ""5-6"": 41485.18, ""6-0"": 21.88, ""6-1"": 26.26, ""6-2"": 63.51, ""6-3"": 231.98, ""6-4"": 1137.24, ""6-5"": 7012.65, ""6-6"": 52201.95}"
2026-10-09T13:01:29+00:00,26-27,8,2026-10-10 20:00:00,Real Madrid,Villarreal,0.5783,0.2159,0.2058,1.73,4.63,4.86,1.9775,1.0955,0.113,1928.3887304294108,1788.6012709271006,1140,la_liga,2026-10-09T13:01:29+00:00,69,352b0293c929-c9d046,"{""0-0"": 24.19, ""0-1"": 22.08, ""0-2"": 40.31, ""0-3"": 110.4, ""0-4"": 403.13, ""0-5"": 1840.0, ""0-6"": 10077.92, ""1-0"": 12.23, ""1-1"": 10.61, ""1-2"": 18.46, ""1-3"": 48.28, ""1-4"": 168.67, ""1-5"": 738.01, ""1-6"": 3881.58, ""2-0"": 12.37, ""2-1"": 10.23, ""2-2"": 16.98, ""2-3"": 42.48, ""2-4"": 142.2, ""2-5"": 597.13, ""2-6"": 3018.61, ""3-0"": 18.77, ""3-1"": 14.82, ""3-2"": 23.53, ""3-3"": 56.39, ""3-4"": 181.09, ""3-5"": 730.6, ""3-6"": 3553.15, ""4-0"": 37.97, ""4-1"": 28.67, ""4-2"": 43.64, ""4-3"": 100.32, ""4-4"": 309.51, ""4-5"": 1200.98, ""4-6"": 5624.31, ""5-0"": 96.0, ""5-1"": 69.5, ""5-2"": 101.51, ""5-3"": 224.21, ""5-4"": 665.31, ""5-5"": 2485.57, ""5-6"": 11218.87, ""6-0"": 291.27, ""6-1"": 202.51, ""6-2"": 284.29, ""6-3"": 604.06, ""6-4"": 1726.01, ""6-5"": 6214.94, ""6-6"": 27060.84}"
2026-10-09T13:01:29+00:00,26-27,8,2026-10-11 13:00:00,Elche,Celta,0.3312,0.2854,0.3834,3.02,3.5,2.61,1.0823,1.1875,0.113,1627.5029155942725,1709.8928529850696,1140,la_liga,2026-10-09T13:01:29+00:00,69,352b0293c929-c9d046,"{""0-0"": 10.84, ""0-1"": 9.12, ""0-2"": 15.37, ""0-3"": 38.82, ""0-4"": 130.76, ""0-5"": 550.54, ""0-6"": 2781.6, ""1-0"": 10.01, ""1-1"": 7.75, ""1-2"": 12.08, ""1-3"": 28.38, ""1-4"": 89.38, ""1-5"": 353.36, ""1-6"": 1682.58, ""2-0"": 18.5, ""2-1"": 13.25, ""2-2"": 19.19, ""2-3"": 42.11, ""2-4"": 124.31, ""2-5"": 462.22, ""2-6"": 2076.86, ""3-0"": 51.28, ""3-1"": 34.17, ""3-2"": 46.21, ""3-3"": 94.98, ""3-4"": 263.4, ""3-5"": 922.94, ""3-6"": 3918.64, ""4-0"": 189.53, ""4-1"": 118.08, ""4-2"": 149.66, ""4-3"": 289.01, ""4-4"": 754.92, ""4-5"": 2497.46, ""4-6"": 10034.74, ""5-0"": 875.62, ""5-1"": 512.2, ""5-2"": 610.61, ""5-3"": 1111.18, ""5-4"": 2740.34, ""5-5"": 8575.93, ""5-6"": 32659.17, ""6-0"": 4854.28, ""6-1"": 2676.1, ""6-2"": 3010.42, ""6-3"": 5176.67, ""6-4"": 12081.38, ""6-5"": 35835.23, ""6-6"": 129549.87}"
2026-10-09T13:01:29+00:00,26-27,8,2026-10-11 15:15:00,Sociedad,La Coruna,0.5853,0.2399,0.1748,1.71,4.17,5.72,1.6822,0.7944,0.113,1702.0011805307008,1582.2952541068962,1140,la_liga,2026-10-09T13:01:29+00:00,69,352b0293c929-c9d046,"{""0-0"": 13.32, ""0-1"": 16.77, ""0-2"": 42.23, ""0-3"": 159.47, ""0-4"": 803.01, ""0-5"": 5054.28, ""0-6"": 38175.17, ""1-0"": 7.92, ""1-1"": 9.19, ""1-2"": 21.47, ""1-3"": 75.62, ""1-4"": 356.71, ""1-5"": 2111.79, ""1-6"": 15055.67, ""2-0"": 9.42, ""2-1"": 10.14, ""2-2"": 22.07, ""2-3"": 72.71, ""2-4"": 322.06, ""2-5"": 1796.43, ""2-6"": 12103.96, ""3-0"": 16.79, ""3-1"": 16.86, ""3-2"": 34.34, ""3-3"": 106.17, ""3-4"": 442.66, ""3-5"": 2330.58, ""3-6"": 14860.7, ""4-0"": 39.94, ""4-1"": 37.57, ""4-2"": 71.82, ""4-3"": 209.04, ""4-4"": 822.31, ""4-5"": 4094.02, ""4-6"": 24740.52, ""5-0"": 118.7, ""5-1"": 105.02, ""5-2"": 189.19, ""5-3"": 519.74, ""5-4"": 1933.34, ""5-5"": 9119.21, ""5-6"": 52305.78, ""6-0"": 423.39, ""6-1"": 353.59, ""6-2"": 601.96, ""6-3"": 1565.01, ""6-4"": 5517.32, ""6-5"": 24700.7, ""6-6"": 134677.66}"
2026-10-09T13:01:29+00:00,26-27,8,2026-10-11 17:30:00,Betis,Osasuna,0.6217,0.2141,0.1642,1.61,4.67,6.09,1.9395,0.8809,0.113,1812.0723882675957,1664.7957113522202,1140,la_liga,2026-10-09T13:01:29+00:00,69,352b0293c929-c9d046,"{""0-0"": 18.79, ""0-1"": 21.33, ""0-2"": 48.43, ""0-3"": 164.92, ""0-4"": 748.83, ""0-5"": 4250.13, ""0-6"": 28947.03, ""1-0"": 9.69, ""1-1"": 10.32, ""1-2"": 22.05, ""1-3"": 70.96, ""1-4"": 305.33, ""1-5"": 1646.83, ""1-6"": 10685.31, ""2-0"": 9.99, ""2-1"": 10.02, ""2-2"": 20.22, ""2-3"": 61.62, ""2-4"": 251.75, ""2-5"": 1292.18, ""2-6"": 7996.15, ""3-0"": 15.45, ""3-1"": 14.64, ""3-2"": 27.99, ""3-3"": 80.94, ""3-4"": 314.54, ""3-5"": 1538.65, ""3-6"": 9091.07, ""4-0"": 31.87, ""4-1"": 28.61, ""4-2"": 51.94, ""4-3"": 142.87, ""4-4"": 528.96, ""4-5"": 2469.53, ""4-6"": 13948.24, ""5-0"": 82.17, ""5-1"": 70.1, ""5-2"": 121.09, ""5-3"": 317.44, ""5-4"": 1121.7, ""5-5"": 5005.12, ""5-6"": 27055.9, ""6-0"": 254.21, ""6-1"": 206.59, ""6-2"": 340.36, ""6-3"": 851.94, ""6-4"": 2877.72, ""6-5"": 12289.27, ""6-6"": 63654.18}"
2026-10-09T13:01:29+00:00,26-27,8,2026-10-11 20:00:00,Santander,Valencia,0.401,0.2634,0.3356,2.49,3.8,2.98,1.3673,1.2278,0.113,1585.739271077521,1684.4518716895564,1140,la_liga,2026-10-09T13:01:29+00:00,69,352b0293c929-c9d046,"{""0-0"": 15.0, ""0-1"": 12.22, ""0-2"": 19.9, ""0-3"": 48.63, ""0-4"": 158.43, ""0-5"": 645.21, ""0-6"": 3153.11, ""1-0"": 10.97, ""1-1"": 8.37, ""1-2"": 12.83, ""1-3"": 29.59, ""1-4"": 91.29, ""1-5"": 353.07, ""1-6"": 1642.71, ""2-0"": 16.05, ""2-1"": 11.52, ""2-2"": 16.66, ""2-3"": 36.35, ""2-4"": 106.41, ""2-5"": 391.37, ""2-6"": 1735.57, ""3-0"": 35.21, ""3-1"": 23.86, ""3-2"": 32.64, ""3-3"": 67.58, ""3-4"": 188.01, ""3-5"": 658.56, ""3-6"": 2786.81, ""4-0"": 103.01, ""4-1"": 66.1, ""4-2"": 85.8, ""4-3"": 168.82, ""4-4"": 447.2, ""4-5"": 1494.13, ""4-6"": 6040.5, ""5-0"": 376.69, ""5-1"": 229.55, ""5-2"": 283.37, ""5-3"": 531.02, ""5-4"": 1341.66, ""5-5"": 4281.68, ""5-6"": 16557.66, ""6-0"": 1653.02, ""6-1"": 959.05, ""6-2"": 1128.41, ""6-3"": 2017.79, ""6-4"": 4870.64, ""6-5"": 14868.09, ""6-6"": 55062.98}"
2026-10-09T13:01:29+00:00,26-27,8,2026-10-12 20:00:00,Levante,Sevilla,0.479,0.2701,0.2508,2.09,3.7,3.99,1.4119,0.9408,0.113,1649.9683905159604,1687.8476843437747,1140,la_liga,2026-10-09T13:01:29+00:00,69,352b0293c929-c9d046,"{""0-0"": 11.77, ""0-1"": 12.51, ""0-2"": 26.6, ""0-3"": 84.82, ""0-4"": 360.64, ""0-5"": 1916.7, ""0-6"": 12224.1, ""1-0"": 8.34, ""1-1"": 8.17, ""1-2"": 16.1, ""1-3"": 47.86, ""1-4"": 190.58, ""1-5"": 952.45, ""1-6"": 5732.3, ""2-0"": 11.81, ""2-1"": 10.73, ""2-2"": 19.7, ""2-3"": 54.77, ""2-4"": 204.73, ""2-5"": 963.75, ""2-6"": 5480.45, ""3-0"": 25.09, ""3-1"": 21.25, ""3-2"": 36.5, ""3-3"": 95.2, ""3-4"": 334.85, ""3-5"": 1487.45, ""3-6"": 8002.96, ""4-0"": 71.1, ""4-1"": 56.39, ""4-2"": 90.9, ""4-3"": 223.12, ""4-4"": 740.28, ""4-5"": 3108.89, ""4-6"": 15848.98, ""5-0"": 251.78, ""5-1"": 187.77, ""5-2"": 285.13, ""5-3"": 660.43, ""5-4"": 2071.57, ""5-5"": 8240.31, ""5-6"": 39863.69, ""6-0"": 1069.99, ""6-1"": 753.0, ""6-2"": 1080.42, ""6-3"": 2367.73, ""6-4"": 7037.02, ""6-5"": 26562.64, ""6-6"": 122126.16}"
2026-10-09T13:15:50+00:00,26-27,8,2026-10-09 20:00:00,Malaga,Espanol,0.2853,0.2793,0.4354,3.51,3.58,2.3,0.9982,1.3035,0.113,1524.4314553405495,1641.3281903812049,1140,la_liga,2026-10-09T13:01:29+00:00,69,5ea48a364ce6-c9d046,"{""0-0"": 11.19, ""0-1"": 8.58, ""0-2"": 13.17, ""0-3"": 30.3, ""0-4"": 92.99, ""0-5"": 356.68, ""0-6"": 1641.78, ""1-0"": 11.21, ""1-1"": 7.91, ""1-2"": 11.24, ""1-3"": 24.08, ""1-4"": 69.14, ""1-5"": 249.15, ""1-6"": 1081.35, ""2-0"": 22.45, ""2-1"": 14.68, ""2-2"": 19.4, ""2-3"": 38.84, ""2-4"": 104.56, ""2-5"": 354.57, ""2-6"": 1452.85, ""3-0"": 67.49, ""3-1"": 41.07, ""3-2"": 50.71, ""3-3"": 95.15, ""3-4"": 240.84, ""3-5"": 770.05, ""3-6"": 2982.94, ""4-0"": 270.43, ""4-1"": 153.98, ""4-2"": 178.31, ""4-3"": 314.51, ""4-4"": 750.18, ""4-5"": 2265.76, ""4-6"": 8309.75, ""5-0"": 1354.63, ""5-1"": 724.59, ""5-2"": 789.64, ""5-3"": 1313.21, ""5-4"": 2958.85, ""5-5"": 8457.82, ""5-6"": 29413.31, ""6-0"": 8142.55, ""6-1"": 4106.79, ""6-2"": 4225.25, ""6-3"": 6643.05, ""6-4"": 14171.08, ""6-5"": 38410.63, ""6-6"": 126860.95}"
2026-10-09T13:15:50+00:00,26-27,8,2026-10-10 13:00:00,Vallecano,Ath Bilbao,0.4283,0.2784,0.2934,2.34,3.59,3.41,1.301,1.0257,0.113,1720.035299259992,1715.4780484082285,1140,la_liga,2026-10-09T13:01:29+00:00,69,5ea48a364ce6-c9d046,"{""0-0"": 11.47, ""0-1"": 11.18, ""0-2"": 21.8, ""0-3"": 63.77, ""0-4"": 248.7, ""0-5"": 1212.37, ""0-6"": 7092.02, ""1-0"": 8.82, ""1-1"": 7.92, ""1-2"": 14.33, ""1-3"": 39.09, ""1-4"": 142.8, ""1-5"": 654.7, ""1-6"": 3614.76, ""2-0"": 13.55, ""2-1"": 11.3, ""2-2"": 19.04, ""2-3"": 48.58, ""2-4"": 166.65, ""2-5"": 719.83, ""2-6"": 3755.89, ""3-0"": 31.25, ""3-1"": 24.3, ""3-2"": 38.3, ""3-3"": 91.71, ""3-4"": 296.08, ""3-5"": 1207.06, ""3-6"": 5959.99, ""4-0"": 96.08, ""4-1"": 69.98, ""4-2"": 103.58, ""4-3"": 233.42, ""4-4"": 710.96, ""4-5"": 2740.76, ""4-6"": 12824.75, ""5-0"": 369.27, ""5-1"": 252.94, ""5-2"": 352.74, ""5-3"": 750.26, ""5-4"": 2160.79, ""5-5"": 7891.27, ""5-6"": 35045.82, ""6-0"": 1703.03, ""6-1"": 1101.0, ""6-2"": 1451.04, ""6-3"": 2920.59, ""6-4"": 7971.36, ""6-5"": 27629.83, ""6-6"": 116638.07}"
2026-10-09T13:15:50+00:00,26-27,8,2026-10-10 15:15:00,Alaves,Ath Madrid,0.2984,0.2854,0.4162,3.35,3.5,2.4,1.0026,1.2391,0.113,1684.9153011215135,1843.5478649314878,1140,la_liga,2026-10-09T13:01:29+00:00,69,5ea48a364ce6-c9d046,"{""0-0"": 10.54, ""0-1"": 8.5, ""0-2"": 13.72, ""0-3"": 33.22, ""0-4"": 107.25, ""0-5"": 432.76, ""0-6"": 2095.47, ""1-0"": 10.51, ""1-1"": 7.77, ""1-2"": 11.58, ""1-3"": 26.03, ""1-4"": 78.44, ""1-5"": 296.71, ""1-6"": 1352.17, ""2-0"": 20.96, ""2-1"": 14.31, ""2-2"": 19.78, ""2-3"": 41.44, ""2-4"": 116.8, ""2-5"": 414.97, ""2-6"": 1782.07, ""3-0"": 62.72, ""3-1"": 39.77, ""3-2"": 51.21, ""3-3"": 100.3, ""3-4"": 265.24, ""3-5"": 886.68, ""3-6"": 3593.29, ""4-0"": 250.23, ""4-1"": 148.07, ""4-2"": 178.42, ""4-3"": 327.82, ""4-4"": 815.26, ""4-5"": 2569.5, ""4-6"": 9841.28, ""5-0"": 1247.94, ""5-1"": 692.29, ""5-2"": 783.4, ""5-3"": 1354.39, ""5-4"": 3175.68, ""5-5"": 9455.6, ""5-6"": 34281.64, ""6-0"": 7468.25, ""6-1"": 3899.22, ""6-2"": 4157.99, ""6-3"": 6783.61, ""6-4"": 15032.48, ""6-5"": 42369.28, ""6-6"": 145646.9}"
2026-10-09T13:15:50+00:00,26-27,8,2026-10-10 17:30:00,Barcelona,Getafe,0.9132,0.0604,0.0264,1.1,16.56,37.88,3.9035,0.6567,0.113,1991.094152741034,1673.0057028291153,1140,la_liga,2026-10-09T13:01:29+00:00,69,5ea48a364ce6-c9d046,"{""0-0"": 107.04, ""0-1"": 162.99, ""0-2"": 496.37, ""0-3"": 2267.45, ""0-4"": 13810.48, ""0-5"": 105145.43, ""0-6"": 960623.57, ""1-0"": 27.42, ""1-1"": 39.99, ""1-2"": 116.86, ""1-3"": 513.04, ""1-4"": 3007.71, ""1-5"": 22072.0, ""1-6"": 194623.72, ""2-0"": 14.05, ""2-1"": 19.66, ""2-2"": 55.2, ""2-3"": 233.22, ""2-4"": 1317.46, ""2-5"": 9327.49, ""2-6"": 79441.26, ""3-0"": 10.8, ""3-1"": 14.52, ""3-2"": 39.24, ""3-3"": 159.71, ""3-4"": 870.23, ""3-5"": 5949.34, ""3-6"": 48979.06, ""4-0"": 11.06, ""4-1"": 14.32, ""4-2"": 37.29, ""4-3"": 146.41, ""4-4"": 770.26, ""4-5"": 5089.3, ""4-6"": 40531.18, ""5-0"": 14.17, ""5-1"": 17.68, ""5-2"": 44.42, ""5-3"": 168.4, ""5-4"": 856.24, ""5-5"": 5472.3, ""5-6"": 42190.48, ""6-0"": 21.79, ""6-1"": 26.23, ""6-2"": 63.65, ""6-3"": 233.25, ""6-4"": 1147.25, ""6-5"": 7098.22, ""6-6"": 53018.24}"
2026-10-09T13:15:50+00:00,26-27,8,2026-10-10 20:00:00,Real Madrid,Villarreal,0.5793,0.2157,0.205,1.73,4.64,4.88,1.9786,1.0925,0.113,1928.0584468428326,1787.3932448279975,1140,la_liga,2026-10-09T13:01:29+00:00,69,5ea48a364ce6-c9d046,"{""0-0"": 24.15, ""0-1"": 22.1, ""0-2"": 40.46, ""0-3"": 111.11, ""0-4"": 406.8, ""0-5"": 1861.77, ""0-6"": 10224.85, ""1-0"": 12.2, ""1-1"": 10.62, ""1-2"": 18.51, ""1-3"": 48.54, ""1-4"": 170.04, ""1-5"": 745.97, ""1-6"": 3933.88, ""2-0"": 12.34, ""2-1"": 10.22, ""2-2"": 17.02, ""2-3"": 42.68, ""2-4"": 143.23, ""2-5"": 602.97, ""2-6"": 3056.05, ""3-0"": 18.7, ""3-1"": 14.8, ""3-2"": 23.56, ""3-3"": 56.6, ""3-4"": 182.23, ""3-5"": 737.03, ""3-6"": 3593.51, ""4-0"": 37.81, ""4-1"": 28.62, ""4-2"": 43.67, ""4-3"": 100.62, ""4-4"": 311.19, ""4-5"": 1210.43, ""4-6"": 5682.48, ""5-0"": 95.54, ""5-1"": 69.33, ""5-2"": 101.5, ""5-3"": 224.7, ""5-4"": 668.34, ""5-5"": 2502.81, ""5-6"": 11323.84, ""6-0"": 289.73, ""6-1"": 201.88, ""6-2"": 284.04, ""6-3"": 604.9, ""6-4"": 1732.41, ""6-5"": 6252.44, ""6-6"": 27287.96}"
2026-10-09T13:15:50+00:00,26-27,8,2026-10-11 13:00:00,Elche,Celta,0.3323,0.2858,0.3818,3.01,3.5,2.62,1.0826,1.1822,0.113,1626.4747825230465,1707.899349019746,1140,la_liga,2026-10-09T13:01:29+00:00,69,5ea48a364ce6-c9d046,"{""0-0"": 10.78, ""0-1"": 9.12, ""0-2"": 15.43, ""0-3"": 39.15, ""0-4"": 132.48, ""0-5"": 560.31, ""0-6"": 2843.76, ""1-0"": 9.96, ""1-1"": 7.74, ""1-2"": 12.11, ""1-3"": 28.59, ""1-4"": 90.43, ""1-5"": 359.05, ""1-6"": 1717.14, ""2-0"": 18.4, ""2-1"": 13.23, ""2-2"": 19.23, ""2-3"": 42.38, ""2-4"": 125.6, ""2-5"": 468.96, ""2-6"": 2116.01, ""3-0"": 50.98, ""3-1"": 34.09, ""3-2"": 46.28, ""3-3"": 95.48, ""3-4"": 265.82, ""3-5"": 935.11, ""3-6"": 3986.32, ""4-0"": 188.35, ""4-1"": 117.74, ""4-2"": 149.76, ""4-3"": 290.26, ""4-4"": 761.0, ""4-5"": 2527.14, ""4-6"": 10193.23, ""5-0"": 869.87, ""5-1"": 510.48, ""5-2"": 610.6, ""5-3"": 1115.01, ""5-4"": 2759.53, ""5-5"": 8667.37, ""5-6"": 33129.82, ""6-0"": 4820.91, ""6-1"": 2665.85, ""6-2"": 3008.44, ""6-3"": 5190.27, ""6-4"": 12154.13, ""6-5"": 36176.37, ""6-6"": 131248.77}"
2026-10-09T13:15:50+00:00,26-27,8,2026-10-11 15:15:00,Sociedad,La Coruna,0.5769,0.242,0.1811,1.73,4.13,5.52,1.6673,0.813,0.113,1701.9646058364121,1592.7059657396335,1140,la_liga,2026-10-09T13:01:29+00:00,69,5ea48a364ce6-c9d046,"{""0-0"": 13.37, ""0-1"": 16.45, ""0-2"": 40.47, ""0-3"": 149.32, ""0-4"": 734.66, ""0-5"": 4518.12, ""0-6"": 33343.46, ""1-0"": 8.02, ""1-1"": 9.11, ""1-2"": 20.8, ""1-3"": 71.64, ""1-4"": 330.45, ""1-5"": 1912.66, ""1-6"": 13331.0, ""2-0"": 9.62, ""2-1"": 10.14, ""2-2"": 21.61, ""2-3"": 69.68, ""2-4"": 301.99, ""2-5"": 1647.9, ""2-6"": 10860.89, ""3-0"": 17.31, ""3-1"": 17.03, ""3-2"": 33.98, ""3-3"": 102.89, ""3-4"": 420.0, ""3-5"": 2164.58, ""3-6"": 13508.43, ""4-0"": 41.53, ""4-1"": 38.31, ""4-2"": 71.8, ""4-3"": 204.8, ""4-4"": 789.26, ""4-5"": 3848.72, ""4-6"": 22775.3, ""5-0"": 124.55, ""5-1"": 108.13, ""5-2"": 191.06, ""5-3"": 514.67, ""5-4"": 1876.7, ""5-5"": 8674.86, ""5-6"": 48749.16, ""6-0"": 448.21, ""6-1"": 367.5, ""6-2"": 614.01, ""6-3"": 1566.17, ""6-4"": 5415.28, ""6-5"": 23770.89, ""6-6"": 127045.13}"
2026-10-09T13:15:50+00:00,26-27,8,2026-10-11 17:30:00,Betis,Osasuna,0.6218,0.214,0.1642,1.61,4.67,6.09,1.94,0.8808,0.113,1812.2215280215378,1664.7121900967297,1140,la_liga,2026-10-09T13:01:29+00:00,69,5ea48a364ce6-c9d046,"{""0-0"": 18.8, ""0-1"": 21.34, ""0-2"": 48.46, ""0-3"": 165.07, ""0-4"": 749.63, ""0-5"": 4255.41, ""0-6"": 28988.09, ""1-0"": 9.69, ""1-1"": 10.32, ""1-2"": 22.06, ""1-3"": 71.0, ""1-4"": 305.58, ""1-5"": 1648.48, ""1-6"": 10697.87, ""2-0"": 9.99, ""2-1"": 10.02, ""2-2"": 20.23, ""2-3"": 61.64, ""2-4"": 251.89, ""2-5"": 1293.15, ""2-6"": 8003.59, ""3-0"": 15.45, ""3-1"": 14.64, ""3-2"": 27.99, ""3-3"": 80.95, ""3-4"": 314.64, ""3-5"": 1539.42, ""3-6"": 9097.29, ""4-0"": 31.85, ""4-1"": 28.6, ""4-2"": 51.92, ""4-3"": 142.85, ""4-4"": 528.99, ""4-5"": 2470.14, ""4-6"": 13954.31, ""5-0"": 82.09, ""5-1"": 70.04, ""5-2"": 121.02, ""5-3"": 317.32, ""5-4"": 1121.48, ""5-5"": 5005.1, ""5-6"": 27060.92, ""6-0"": 253.89, ""6-1"": 206.37, ""6-2"": 340.07, ""6-3"": 851.38, ""6-4"": 2876.41, ""6-5"": 12286.09, ""6-6"": 63650.02}"
2026-10-09T13:15:50+00:00,26-27,8,2026-10-11 20:00:00,Santander,Valencia,0.3786,0.2697,0.3517,2.64,3.71,2.84,1.2803,1.2237,0.113,1536.6581749301376,1684.6660422442158,1140,la_liga,2026-10-09T13:01:29+00:00,69,5ea48a364ce6-c9d046,"{""0-0"": 13.69, ""0-1"": 11.19, ""0-2"": 18.29, ""0-3"": 44.84, ""0-4"": 146.56, ""0-5"": 598.81, ""0-6"": 2936.0, ""1-0"": 10.7, ""1-1"": 8.15, ""1-2"": 12.48, ""1-3"": 28.79, ""1-4"": 88.84, ""1-5"": 343.76, ""1-6"": 1600.65, ""2-0"": 16.71, ""2-1"": 11.93, ""2-2"": 17.18, ""2-3"": 37.37, ""2-4"": 109.08, ""2-5"": 400.32, ""2-6"": 1772.22, ""3-0"": 39.16, ""3-1"": 26.31, ""3-2"": 35.72, ""3-3"": 73.47, ""3-4"": 203.25, ""3-5"": 708.56, ""3-6"": 2986.1, ""4-0"": 122.34, ""4-1"": 77.59, ""4-2"": 99.66, ""4-3"": 194.28, ""4-4"": 510.42, ""4-5"": 1692.95, ""4-6"": 6800.36, ""5-0"": 477.79, ""5-1"": 286.96, ""5-2"": 349.6, ""5-3"": 647.38, ""5-4"": 1618.2, ""5-5"": 5114.56, ""5-6"": 19607.42, ""6-0"": 2239.19, ""6-1"": 1277.15, ""6-2"": 1479.36, ""6-3"": 2607.78, ""6-4"": 6213.13, ""6-5"": 18741.72, ""6-6"": 68660.38}"
2026-10-09T13:15:50+00:00,26-27,8,2026-10-12 20:00:00,Levante,Sevilla,0.4784,0.2703,0.2513,2.09,3.7,3.98,1.41,0.9413,0.113,1649.1528538141777,1688.1233161080024,1140,la_liga,2026-10-09T13:01:29+00:00,69,5ea48a364ce6-c9d046,"{""0-0"": 11.76, ""0-1"": 12.49, ""0-2"": 26.53, ""0-3"": 84.57, ""0-4"": 359.36, ""0-5"": 1908.85, ""0-6"": 12167.31, ""1-0"": 8.34, ""1-1"": 8.16, ""1-2"": 16.08, ""1-3"": 47.77, ""1-4"": 190.12, ""1-5"": 949.58, ""1-6"": 5711.73, ""2-0"": 11.83, ""2-1"": 10.74, ""2-2"": 19.7, ""2-3"": 54.73, ""2-4"": 204.47, ""2-5"": 961.92, ""2-6"": 5466.7, ""3-0"": 25.16, ""3-1"": 21.29, ""3-2"": 36.54, ""3-3"": 95.25, ""3-4"": 334.81, ""3-5"": 1486.3, ""3-6"": 7991.67, ""4-0"": 71.38, ""4-1"": 56.57, ""4-2"": 91.13, ""4-3"": 223.51, ""4-4"": 741.06, ""4-5"": 3110.07, ""4-6"": 15844.33, ""5-0"": 253.11, ""5-1"": 188.61, ""5-2"": 286.19, ""5-3"": 662.4, ""5-4"": 2076.24, ""5-5"": 8253.0, ""5-6"": 39897.22, ""6-0"": 1077.06, ""6-1"": 757.37, ""6-2"": 1085.82, ""6-3"": 2377.72, ""6-4"": 7061.38, ""6-5"": 26634.86, ""6-6"": 122369.36}"
2026-10-09T13:29:55+00:00,26-27,8,2026-10-09 20:00:00,Malaga,Espanol,0.2853,0.2793,0.4354,3.51,3.58,2.3,0.9982,1.3035,0.113,1524.4314553405495,1641.3281903812049,1140,la_liga,2026-10-09T13:01:29+00:00,69,8f8b85d270a4-c9d046,"{""0-0"": 11.19, ""0-1"": 8.58, ""0-2"": 13.17, ""0-3"": 30.3, ""0-4"": 92.99, ""0-5"": 356.68, ""0-6"": 1641.78, ""1-0"": 11.21, ""1-1"": 7.91, ""1-2"": 11.24, ""1-3"": 24.08, ""1-4"": 69.14, ""1-5"": 249.15, ""1-6"": 1081.35, ""2-0"": 22.45, ""2-1"": 14.68, ""2-2"": 19.4, ""2-3"": 38.84, ""2-4"": 104.56, ""2-5"": 354.57, ""2-6"": 1452.85, ""3-0"": 67.49, ""3-1"": 41.07, ""3-2"": 50.71, ""3-3"": 95.15, ""3-4"": 240.84, ""3-5"": 770.05, ""3-6"": 2982.94, ""4-0"": 270.43, ""4-1"": 153.98, ""4-2"": 178.31, ""4-3"": 314.51, ""4-4"": 750.18, ""4-5"": 2265.76, ""4-6"": 8309.75, ""5-0"": 1354.63, ""5-1"": 724.59, ""5-2"": 789.64, ""5-3"": 1313.21, ""5-4"": 2958.85, ""5-5"": 8457.82, ""5-6"": 29413.31, ""6-0"": 8142.55, ""6-1"": 4106.79, ""6-2"": 4225.25, ""6-3"": 6643.05, ""6-4"": 14171.08, ""6-5"": 38410.63, ""6-6"": 126860.95}"
2026-10-09T13:29:55+00:00,26-27,8,2026-10-10 13:00:00,Vallecano,Ath Bilbao,0.4283,0.2784,0.2934,2.34,3.59,3.41,1.301,1.0257,0.113,1720.035299259992,1715.4780484082285,1140,la_liga,2026-10-09T13:01:29+00:00,69,8f8b85d270a4-c9d046,"{""0-0"": 11.47, ""0-1"": 11.18, ""0-2"": 21.8, ""0-3"": 63.77, ""0-4"": 248.7, ""0-5"": 1212.37, ""0-6"": 7092.02, ""1-0"": 8.82, ""1-1"": 7.92, ""1-2"": 14.33, ""1-3"": 39.09, ""1-4"": 142.8, ""1-5"": 654.7, ""1-6"": 3614.76, ""2-0"": 13.55, ""2-1"": 11.3, ""2-2"": 19.04, ""2-3"": 48.58, ""2-4"": 166.65, ""2-5"": 719.83, ""2-6"": 3755.89, ""3-0"": 31.25, ""3-1"": 24.3, ""3-2"": 38.3, ""3-3"": 91.71, ""3-4"": 296.08, ""3-5"": 1207.06, ""3-6"": 5959.99, ""4-0"": 96.08, ""4-1"": 69.98, ""4-2"": 103.58, ""4-3"": 233.42, ""4-4"": 710.96, ""4-5"": 2740.76, ""4-6"": 12824.75, ""5-0"": 369.27, ""5-1"": 252.94, ""5-2"": 352.74, ""5-3"": 750.26, ""5-4"": 2160.79, ""5-5"": 7891.27, ""5-6"": 35045.82, ""6-0"": 1703.03, ""6-1"": 1101.0, ""6-2"": 1451.04, ""6-3"": 2920.59, ""6-4"": 7971.36, ""6-5"": 27629.83, ""6-6"": 116638.07}"
2026-10-09T13:29:55+00:00,26-27,8,2026-10-10 15:15:00,Alaves,Ath Madrid,0.2984,0.2854,0.4162,3.35,3.5,2.4,1.0026,1.2391,0.113,1684.9153011215135,1843.5478649314878,1140,la_liga,2026-10-09T13:01:29+00:00,69,8f8b85d270a4-c9d046,"{""0-0"": 10.54, ""0-1"": 8.5, ""0-2"": 13.72, ""0-3"": 33.22, ""0-4"": 107.25, ""0-5"": 432.76, ""0-6"": 2095.47, ""1-0"": 10.51, ""1-1"": 7.77, ""1-2"": 11.58, ""1-3"": 26.03, ""1-4"": 78.44, ""1-5"": 296.71, ""1-6"": 1352.17, ""2-0"": 20.96, ""2-1"": 14.31, ""2-2"": 19.78, ""2-3"": 41.44, ""2-4"": 116.8, ""2-5"": 414.97, ""2-6"": 1782.07, ""3-0"": 62.72, ""3-1"": 39.77, ""3-2"": 51.21, ""3-3"": 100.3, ""3-4"": 265.24, ""3-5"": 886.68, ""3-6"": 3593.29, ""4-0"": 250.23, ""4-1"": 148.07, ""4-2"": 178.42, ""4-3"": 327.82, ""4-4"": 815.26, ""4-5"": 2569.5, ""4-6"": 9841.28, ""5-0"": 1247.94, ""5-1"": 692.29, ""5-2"": 783.4, ""5-3"": 1354.39, ""5-4"": 3175.68, ""5-5"": 9455.6, ""5-6"": 34281.64, ""6-0"": 7468.25, ""6-1"": 3899.22, ""6-2"": 4157.99, ""6-3"": 6783.61, ""6-4"": 15032.48, ""6-5"": 42369.28, ""6-6"": 145646.9}"
2026-10-09T13:29:55+00:00,26-27,8,2026-10-10 17:30:00,Barcelona,Getafe,0.9132,0.0604,0.0264,1.1,16.56,37.88,3.9035,0.6567,0.113,1991.094152741034,1673.0057028291153,1140,la_liga,2026-10-09T13:01:29+00:00,69,8f8b85d270a4-c9d046,"{""0-0"": 107.04, ""0-1"": 162.99, ""0-2"": 496.37, ""0-3"": 2267.45, ""0-4"": 13810.48, ""0-5"": 105145.43, ""0-6"": 960623.57, ""1-0"": 27.42, ""1-1"": 39.99, ""1-2"": 116.86, ""1-3"": 513.04, ""1-4"": 3007.71, ""1-5"": 22072.0, ""1-6"": 194623.72, ""2-0"": 14.05, ""2-1"": 19.66, ""2-2"": 55.2, ""2-3"": 233.22, ""2-4"": 1317.46, ""2-5"": 9327.49, ""2-6"": 79441.26, ""3-0"": 10.8, ""3-1"": 14.52, ""3-2"": 39.24, ""3-3"": 159.71, ""3-4"": 870.23, ""3-5"": 5949.34, ""3-6"": 48979.06, ""4-0"": 11.06, ""4-1"": 14.32, ""4-2"": 37.29, ""4-3"": 146.41, ""4-4"": 770.26, ""4-5"": 5089.3, ""4-6"": 40531.18, ""5-0"": 14.17, ""5-1"": 17.68, ""5-2"": 44.42, ""5-3"": 168.4, ""5-4"": 856.24, ""5-5"": 5472.3, ""5-6"": 42190.48, ""6-0"": 21.79, ""6-1"": 26.23, ""6-2"": 63.65, ""6-3"": 233.25, ""6-4"": 1147.25, ""6-5"": 7098.22, ""6-6"": 53018.24}"
2026-10-09T13:29:55+00:00,26-27,8,2026-10-10 20:00:00,Real Madrid,Villarreal,0.5793,0.2157,0.205,1.73,4.64,4.88,1.9786,1.0925,0.113,1928.0584468428326,1787.3932448279975,1140,la_liga,2026-10-09T13:01:29+00:00,69,8f8b85d270a4-c9d046,"{""0-0"": 24.15, ""0-1"": 22.1, ""0-2"": 40.46, ""0-3"": 111.11, ""0-4"": 406.8, ""0-5"": 1861.77, ""0-6"": 10224.85, ""1-0"": 12.2, ""1-1"": 10.62, ""1-2"": 18.51, ""1-3"": 48.54, ""1-4"": 170.04, ""1-5"": 745.97, ""1-6"": 3933.88, ""2-0"": 12.34, ""2-1"": 10.22, ""2-2"": 17.02, ""2-3"": 42.68, ""2-4"": 143.23, ""2-5"": 602.97, ""2-6"": 3056.05, ""3-0"": 18.7, ""3-1"": 14.8, ""3-2"": 23.56, ""3-3"": 56.6, ""3-4"": 182.23, ""3-5"": 737.03, ""3-6"": 3593.51, ""4-0"": 37.81, ""4-1"": 28.62, ""4-2"": 43.67, ""4-3"": 100.62, ""4-4"": 311.19, ""4-5"": 1210.43, ""4-6"": 5682.48, ""5-0"": 95.54, ""5-1"": 69.33, ""5-2"": 101.5, ""5-3"": 224.7, ""5-4"": 668.34, ""5-5"": 2502.81, ""5-6"": 11323.84, ""6-0"": 289.73, ""6-1"": 201.88, ""6-2"": 284.04, ""6-3"": 604.9, ""6-4"": 1732.41, ""6-5"": 6252.44, ""6-6"": 27287.96}"
2026-10-09T13:29:55+00:00,26-27,8,2026-10-11 13:00:00,Elche,Celta,0.3323,0.2858,0.3818,3.01,3.5,2.62,1.0826,1.1822,0.113,1626.4747825230465,1707.899349019746,1140,la_liga,2026-10-09T13:01:29+00:00,69,8f8b85d270a4-c9d046,"{""0-0"": 10.78, ""0-1"": 9.12, ""0-2"": 15.43, ""0-3"": 39.15, ""0-4"": 132.48, ""0-5"": 560.31, ""0-6"": 2843.76, ""1-0"": 9.96, ""1-1"": 7.74, ""1-2"": 12.11, ""1-3"": 28.59, ""1-4"": 90.43, ""1-5"": 359.05, ""1-6"": 1717.14, ""2-0"": 18.4, ""2-1"": 13.23, ""2-2"": 19.23, ""2-3"": 42.38, ""2-4"": 125.6, ""2-5"": 468.96, ""2-6"": 2116.01, ""3-0"": 50.98, ""3-1"": 34.09, ""3-2"": 46.28, ""3-3"": 95.48, ""3-4"": 265.82, ""3-5"": 935.11, ""3-6"": 3986.32, ""4-0"": 188.35, ""4-1"": 117.74, ""4-2"": 149.76, ""4-3"": 290.26, ""4-4"": 761.0, ""4-5"": 2527.14, ""4-6"": 10193.23, ""5-0"": 869.87, ""5-1"": 510.48, ""5-2"": 610.6, ""5-3"": 1115.01, ""5-4"": 2759.53, ""5-5"": 8667.37, ""5-6"": 33129.82, ""6-0"": 4820.91, ""6-1"": 2665.85, ""6-2"": 3008.44, ""6-3"": 5190.27, ""6-4"": 12154.13, ""6-5"": 36176.37, ""6-6"": 131248.77}"
2026-10-09T13:29:55+00:00,26-27,8,2026-10-11 15:15:00,Sociedad,La Coruna,0.5769,0.242,0.1811,1.73,4.13,5.52,1.6673,0.813,0.113,1701.9646058364121,1592.7059657396335,1140,la_liga,2026-10-09T13:01:29+00:00,69,8f8b85d270a4-c9d046,"{""0-0"": 13.37, ""0-1"": 16.45, ""0-2"": 40.47, ""0-3"": 149.32, ""0-4"": 734.66, ""0-5"": 4518.12, ""0-6"": 33343.46, ""1-0"": 8.02, ""1-1"": 9.11, ""1-2"": 20.8, ""1-3"": 71.64, ""1-4"": 330.45, ""1-5"": 1912.66, ""1-6"": 13331.0, ""2-0"": 9.62, ""2-1"": 10.14, ""2-2"": 21.61, ""2-3"": 69.68, ""2-4"": 301.99, ""2-5"": 1647.9, ""2-6"": 10860.89, ""3-0"": 17.31, ""3-1"": 17.03, ""3-2"": 33.98, ""3-3"": 102.89, ""3-4"": 420.0, ""3-5"": 2164.58, ""3-6"": 13508.43, ""4-0"": 41.53, ""4-1"": 38.31, ""4-2"": 71.8, ""4-3"": 204.8, ""4-4"": 789.26, ""4-5"": 3848.72, ""4-6"": 22775.3, ""5-0"": 124.55, ""5-1"": 108.13, ""5-2"": 191.06, ""5-3"": 514.67, ""5-4"": 1876.7, ""5-5"": 8674.86, ""5-6"": 48749.16, ""6-0"": 448.21, ""6-1"": 367.5, ""6-2"": 614.01, ""6-3"": 1566.17, ""6-4"": 5415.28, ""6-5"": 23770.89, ""6-6"": 127045.13}"
2026-10-09T13:29:55+00:00,26-27,8,2026-10-11 17:30:00,Betis,Osasuna,0.6218,0.214,0.1642,1.61,4.67,6.09,1.94,0.8808,0.113,1812.2215280215378,1664.7121900967297,1140,la_liga,2026-10-09T13:01:29+00:00,69,8f8b85d270a4-c9d046,"{""0-0"": 18.8, ""0-1"": 21.34, ""0-2"": 48.46, ""0-3"": 165.07, ""0-4"": 749.63, ""0-5"": 4255.41, ""0-6"": 28988.09, ""1-0"": 9.69, ""1-1"": 10.32, ""1-2"": 22.06, ""1-3"": 71.0, ""1-4"": 305.58, ""1-5"": 1648.48, ""1-6"": 10697.87, ""2-0"": 9.99, ""2-1"": 10.02, ""2-2"": 20.23, ""2-3"": 61.64, ""2-4"": 251.89, ""2-5"": 1293.15, ""2-6"": 8003.59, ""3-0"": 15.45, ""3-1"": 14.64, ""3-2"": 27.99, ""3-3"": 80.95, ""3-4"": 314.64, ""3-5"": 1539.42, ""3-6"": 9097.29, ""4-0"": 31.85, ""4-1"": 28.6, ""4-2"": 51.92, ""4-3"": 142.85, ""4-4"": 528.99, ""4-5"": 2470.14, ""4-6"": 13954.31, ""5-0"": 82.09, ""5-1"": 70.04, ""5-2"": 121.02, ""5-3"": 317.32, ""5-4"": 1121.48, ""5-5"": 5005.1, ""5-6"": 27060.92, ""6-0"": 253.89, ""6-1"": 206.37, ""6-2"": 340.07, ""6-3"": 851.38, ""6-4"": 2876.41, ""6-5"": 12286.09, ""6-6"": 63650.02}"
2026-10-09T13:29:55+00:00,26-27,8,2026-10-11 20:00:00,Santander,Valencia,0.3786,0.2697,0.3517,2.64,3.71,2.84,1.2803,1.2237,0.113,1536.6581749301376,1684.6660422442158,1140,la_liga,2026-10-09T13:01:29+00:00,69,8f8b85d270a4-c9d046,"{""0-0"": 13.69, ""0-1"": 11.19, ""0-2"": 18.29, ""0-3"": 44.84, ""0-4"": 146.56, ""0-5"": 598.81, ""0-6"": 2936.0, ""1-0"": 10.7, ""1-1"": 8.15, ""1-2"": 12.48, ""1-3"": 28.79, ""1-4"": 88.84, ""1-5"": 343.76, ""1-6"": 1600.65, ""2-0"": 16.71, ""2-1"": 11.93, ""2-2"": 17.18, ""2-3"": 37.37, ""2-4"": 109.08, ""2-5"": 400.32, ""2-6"": 1772.22, ""3-0"": 39.16, ""3-1"": 26.31, ""3-2"": 35.72, ""3-3"": 73.47, ""3-4"": 203.25, ""3-5"": 708.56, ""3-6"": 2986.1, ""4-0"": 122.34, ""4-1"": 77.59, ""4-2"": 99.66, ""4-3"": 194.28, ""4-4"": 510.42, ""4-5"": 1692.95, ""4-6"": 6800.36, ""5-0"": 477.79, ""5-1"": 286.96, ""5-2"": 349.6, ""5-3"": 647.38, ""5-4"": 1618.2, ""5-5"": 5114.56, ""5-6"": 19607.42, ""6-0"": 2239.19, ""6-1"": 1277.15, ""6-2"": 1479.36, ""6-3"": 2607.78, ""6-4"": 6213.13, ""6-5"": 18741.72, ""6-6"": 68660.38}"
2026-10-09T13:29:55+00:00,26-27,8,2026-10-12 20:00:00,Levante,Sevilla,0.4784,0.2703,0.2513,2.09,3.7,3.98,1.41,0.9413,0.113,1649.1528538141777,1688.1233161080024,1140,la_liga,2026-10-09T13:01:29+00:00,69,8f8b85d270a4-c9d046,"{""0-0"": 11.76, ""0-1"": 12.49, ""0-2"": 26.53, ""0-3"": 84.57, ""0-4"": 359.36, ""0-5"": 1908.85, ""0-6"": 12167.31, ""1-0"": 8.34, ""1-1"": 8.16, ""1-2"": 16.08, ""1-3"": 47.77, ""1-4"": 190.12, ""1-5"": 949.58, ""1-6"": 5711.73, ""2-0"": 11.83, ""2-1"": 10.74, ""2-2"": 19.7, ""2-3"": 54.73, ""2-4"": 204.47, ""2-5"": 961.92, ""2-6"": 5466.7, ""3-0"": 25.16, ""3-1"": 21.29, ""3-2"": 36.54, ""3-3"": 95.25, ""3-4"": 334.81, ""3-5"": 1486.3, ""3-6"": 7991.67, ""4-0"": 71.38, ""4-1"": 56.57, ""4-2"": 91.13, ""4-3"": 223.51, ""4-4"": 741.06, ""4-5"": 3110.07, ""4-6"": 15844.33, ""5-0"": 253.11, ""5-1"": 188.61, ""5-2"": 286.19, ""5-3"": 662.4, ""5-4"": 2076.24, ""5-5"": 8253.0, ""5-6"": 39897.22, ""6-0"": 1077.06, ""6-1"": 757.37, ""6-2"": 1085.82, ""6-3"": 2377.72, ""6-4"": 7061.38, ""6-5"": 26634.86, ""6-6"": 122369.36}"
2026-10-09T22:27:05+00:00,26-27,8,2026-10-10 13:00:00,Vallecano,Ath Bilbao,0.4283,0.2784,0.2934,2.34,3.59,3.41,1.301,1.0257,0.113,1720.035299259992,1715.4780484082285,1140,la_liga,2026-10-09T13:01:29+00:00,69,076ebec6573b-c9d046,"{""0-0"": 11.47, ""0-1"": 11.18, ""0-2"": 21.8, ""0-3"": 63.77, ""0-4"": 248.7, ""0-5"": 1212.37, ""0-6"": 7092.02, ""1-0"": 8.82, ""1-1"": 7.92, ""1-2"": 14.33, ""1-3"": 39.09, ""1-4"": 142.8, ""1-5"": 654.7, ""1-6"": 3614.76, ""2-0"": 13.55, ""2-1"": 11.3, ""2-2"": 19.04, ""2-3"": 48.58, ""2-4"": 166.65, ""2-5"": 719.83, ""2-6"": 3755.89, ""3-0"": 31.25, ""3-1"": 24.3, ""3-2"": 38.3, ""3-3"": 91.71, ""3-4"": 296.08, ""3-5"": 1207.06, ""3-6"": 5959.99, ""4-0"": 96.08, ""4-1"": 69.98, ""4-2"": 103.58, ""4-3"": 233.42, ""4-4"": 710.96, ""4-5"": 2740.76, ""4-6"": 12824.75, ""5-0"": 369.27, ""5-1"": 252.94, ""5-2"": 352.74, ""5-3"": 750.26, ""5-4"": 2160.79, ""5-5"": 7891.27, ""5-6"": 35045.82, ""6-0"": 1703.03, ""6-1"": 1101.0, ""6-2"": 1451.04, ""6-3"": 2920.59, ""6-4"": 7971.36, ""6-5"": 27629.83, ""6-6"": 116638.07}"
2026-10-09T22:27:05+00:00,26-27,8,2026-10-10 15:15:00,Alaves,Ath Madrid,0.2984,0.2854,0.4162,3.35,3.5,2.4,1.0026,1.2391,0.113,1684.9153011215135,1843.5478649314878,1140,la_liga,2026-10-09T13:01:29+00:00,69,076ebec6573b-c9d046,"{""0-0"": 10.54, ""0-1"": 8.5, ""0-2"": 13.72, ""0-3"": 33.22, ""0-4"": 107.25, ""0-5"": 432.76, ""0-6"": 2095.47, ""1-0"": 10.51, ""1-1"": 7.77, ""1-2"": 11.58, ""1-3"": 26.03, ""1-4"": 78.44, ""1-5"": 296.71, ""1-6"": 1352.17, ""2-0"": 20.96, ""2-1"": 14.31, ""2-2"": 19.78, ""2-3"": 41.44, ""2-4"": 116.8, ""2-5"": 414.97, ""2-6"": 1782.07, ""3-0"": 62.72, ""3-1"": 39.77, ""3-2"": 51.21, ""3-3"": 100.3, ""3-4"": 265.24, ""3-5"": 886.68, ""3-6"": 3593.29, ""4-0"": 250.23, ""4-1"": 148.07, ""4-2"": 178.42, ""4-3"": 327.82, ""4-4"": 815.26, ""4-5"": 2569.5, ""4-6"": 9841.28, ""5-0"": 1247.94, ""5-1"": 692.29, ""5-2"": 783.4, ""5-3"": 1354.39, ""5-4"": 3175.68, ""5-5"": 9455.6, ""5-6"": 34281.64, ""6-0"": 7468.25, ""6-1"": 3899.22, ""6-2"": 4157.99, ""6-3"": 6783.61, ""6-4"": 15032.48, ""6-5"": 42369.28, ""6-6"": 145646.9}"
2026-10-09T22:27:05+00:00,26-27,8,2026-10-10 17:30:00,Barcelona,Getafe,0.9132,0.0604,0.0264,1.1,16.56,37.88,3.9035,0.6567,0.113,1991.094152741034,1673.0057028291153,1140,la_liga,2026-10-09T13:01:29+00:00,69,076ebec6573b-c9d046,"{""0-0"": 107.04, ""0-1"": 162.99, ""0-2"": 496.37, ""0-3"": 2267.45, ""0-4"": 13810.48, ""0-5"": 105145.43, ""0-6"": 960623.57, ""1-0"": 27.42, ""1-1"": 39.99, ""1-2"": 116.86, ""1-3"": 513.04, ""1-4"": 3007.71, ""1-5"": 22072.0, ""1-6"": 194623.72, ""2-0"": 14.05, ""2-1"": 19.66, ""2-2"": 55.2, ""2-3"": 233.22, ""2-4"": 1317.46, ""2-5"": 9327.49, ""2-6"": 79441.26, ""3-0"": 10.8, ""3-1"": 14.52, ""3-2"": 39.24, ""3-3"": 159.71, ""3-4"": 870.23, ""3-5"": 5949.34, ""3-6"": 48979.06, ""4-0"": 11.06, ""4-1"": 14.32, ""4-2"": 37.29, ""4-3"": 146.41, ""4-4"": 770.26, ""4-5"": 5089.3, ""4-6"": 40531.18, ""5-0"": 14.17, ""5-1"": 17.68, ""5-2"": 44.42, ""5-3"": 168.4, ""5-4"": 856.24, ""5-5"": 5472.3, ""5-6"": 42190.48, ""6-0"": 21.79, ""6-1"": 26.23, ""6-2"": 63.65, ""6-3"": 233.25, ""6-4"": 1147.25, ""6-5"": 7098.22, ""6-6"": 53018.24}"
2026-10-09T22:27:05+00:00,26-27,8,2026-10-10 20:00:00,Real Madrid,Villarreal,0.5793,0.2157,0.205,1.73,4.64,4.88,1.9786,1.0925,0.113,1928.0584468428326,1787.3932448279975,1140,la_liga,2026-10-09T13:01:29+00:00,69,076ebec6573b-c9d046,"{""0-0"": 24.15, ""0-1"": 22.1, ""0-2"": 40.46, ""0-3"": 111.11, ""0-4"": 406.8, ""0-5"": 1861.77, ""0-6"": 10224.85, ""1-0"": 12.2, ""1-1"": 10.62, ""1-2"": 18.51, ""1-3"": 48.54, ""1-4"": 170.04, ""1-5"": 745.97, ""1-6"": 3933.88, ""2-0"": 12.34, ""2-1"": 10.22, ""2-2"": 17.02, ""2-3"": 42.68, ""2-4"": 143.23, ""2-5"": 602.97, ""2-6"": 3056.05, ""3-0"": 18.7, ""3-1"": 14.8, ""3-2"": 23.56, ""3-3"": 56.6, ""3-4"": 182.23, ""3-5"": 737.03, ""3-6"": 3593.51, ""4-0"": 37.81, ""4-1"": 28.62, ""4-2"": 43.67, ""4-3"": 100.62, ""4-4"": 311.19, ""4-5"": 1210.43, ""4-6"": 5682.48, ""5-0"": 95.54, ""5-1"": 69.33, ""5-2"": 101.5, ""5-3"": 224.7, ""5-4"": 668.34, ""5-5"": 2502.81, ""5-6"": 11323.84, ""6-0"": 289.73, ""6-1"": 201.88, ""6-2"": 284.04, ""6-3"": 604.9, ""6-4"": 1732.41, ""6-5"": 6252.44, ""6-6"": 27287.96}"
2026-10-09T22:27:05+00:00,26-27,8,2026-10-11 13:00:00,Elche,Celta,0.3323,0.2858,0.3818,3.01,3.5,2.62,1.0826,1.1822,0.113,1626.4747825230465,1707.899349019746,1140,la_liga,2026-10-09T13:01:29+00:00,69,076ebec6573b-c9d046,"{""0-0"": 10.78, ""0-1"": 9.12, ""0-2"": 15.43, ""0-3"": 39.15, ""0-4"": 132.48, ""0-5"": 560.31, ""0-6"": 2843.76, ""1-0"": 9.96, ""1-1"": 7.74, ""1-2"": 12.11, ""1-3"": 28.59, ""1-4"": 90.43, ""1-5"": 359.05, ""1-6"": 1717.14, ""2-0"": 18.4, ""2-1"": 13.23, ""2-2"": 19.23, ""2-3"": 42.38, ""2-4"": 125.6, ""2-5"": 468.96, ""2-6"": 2116.01, ""3-0"": 50.98, ""3-1"": 34.09, ""3-2"": 46.28, ""3-3"": 95.48, ""3-4"": 265.82, ""3-5"": 935.11, ""3-6"": 3986.32, ""4-0"": 188.35, ""4-1"": 117.74, ""4-2"": 149.76, ""4-3"": 290.26, ""4-4"": 761.0, ""4-5"": 2527.14, ""4-6"": 10193.23, ""5-0"": 869.87, ""5-1"": 510.48, ""5-2"": 610.6, ""5-3"": 1115.01, ""5-4"": 2759.53, ""5-5"": 8667.37, ""5-6"": 33129.82, ""6-0"": 4820.91, ""6-1"": 2665.85, ""6-2"": 3008.44, ""6-3"": 5190.27, ""6-4"": 12154.13, ""6-5"": 36176.37, ""6-6"": 131248.77}"
2026-10-09T22:27:05+00:00,26-27,8,2026-10-11 15:15:00,Sociedad,La Coruna,0.5769,0.242,0.1811,1.73,4.13,5.52,1.6673,0.813,0.113,1701.9646058364121,1592.7059657396335,1140,la_liga,2026-10-09T13:01:29+00:00,69,076ebec6573b-c9d046,"{""0-0"": 13.37, ""0-1"": 16.45, ""0-2"": 40.47, ""0-3"": 149.32, ""0-4"": 734.66, ""0-5"": 4518.12, ""0-6"": 33343.46, ""1-0"": 8.02, ""1-1"": 9.11, ""1-2"": 20.8, ""1-3"": 71.64, ""1-4"": 330.45, ""1-5"": 1912.66, ""1-6"": 13331.0, ""2-0"": 9.62, ""2-1"": 10.14, ""2-2"": 21.61, ""2-3"": 69.68, ""2-4"": 301.99, ""2-5"": 1647.9, ""2-6"": 10860.89, ""3-0"": 17.31, ""3-1"": 17.03, ""3-2"": 33.98, ""3-3"": 102.89, ""3-4"": 420.0, ""3-5"": 2164.58, ""3-6"": 13508.43, ""4-0"": 41.53, ""4-1"": 38.31, ""4-2"": 71.8, ""4-3"": 204.8, ""4-4"": 789.26, ""4-5"": 3848.72, ""4-6"": 22775.3, ""5-0"": 124.55, ""5-1"": 108.13, ""5-2"": 191.06, ""5-3"": 514.67, ""5-4"": 1876.7, ""5-5"": 8674.86, ""5-6"": 48749.16, ""6-0"": 448.21, ""6-1"": 367.5, ""6-2"": 614.01, ""6-3"": 1566.17, ""6-4"": 5415.28, ""6-5"": 23770.89, ""6-6"": 127045.13}"
2026-10-09T22:27:05+00:00,26-27,8,2026-10-11 17:30:00,Betis,Osasuna,0.6218,0.214,0.1642,1.61,4.67,6.09,1.94,0.8808,0.113,1812.2215280215378,1664.7121900967297,1140,la_liga,2026-10-09T13:01:29+00:00,69,076ebec6573b-c9d046,"{""0-0"": 18.8, ""0-1"": 21.34, ""0-2"": 48.46, ""0-3"": 165.07, ""0-4"": 749.63, ""0-5"": 4255.41, ""0-6"": 28988.09, ""1-0"": 9.69, ""1-1"": 10.32, ""1-2"": 22.06, ""1-3"": 71.0, ""1-4"": 305.58, ""1-5"": 1648.48, ""1-6"": 10697.87, ""2-0"": 9.99, ""2-1"": 10.02, ""2-2"": 20.23, ""2-3"": 61.64, ""2-4"": 251.89, ""2-5"": 1293.15, ""2-6"": 8003.59, ""3-0"": 15.45, ""3-1"": 14.64, ""3-2"": 27.99, ""3-3"": 80.95, ""3-4"": 314.64, ""3-5"": 1539.42, ""3-6"": 9097.29, ""4-0"": 31.85, ""4-1"": 28.6, ""4-2"": 51.92, ""4-3"": 142.85, ""4-4"": 528.99, ""4-5"": 2470.14, ""4-6"": 13954.31, ""5-0"": 82.09, ""5-1"": 70.04, ""5-2"": 121.02, ""5-3"": 317.32, ""5-4"": 1121.48, ""5-5"": 5005.1, ""5-6"": 27060.92, ""6-0"": 253.89, ""6-1"": 206.37, ""6-2"": 340.07, ""6-3"": 851.38, ""6-4"": 2876.41, ""6-5"": 12286.09, ""6-6"": 63650.02}"
2026-10-09T22:27:05+00:00,26-27,8,2026-10-11 20:00:00,Santander,Valencia,0.3786,0.2697,0.3517,2.64,3.71,2.84,1.2803,1.2237,0.113,1536.6581749301376,1684.6660422442158,1140,la_liga,2026-10-09T13:01:29+00:00,69,076ebec6573b-c9d046,"{""0-0"": 13.69, ""0-1"": 11.19, ""0-2"": 18.29, ""0-3"": 44.84, ""0-4"": 146.56, ""0-5"": 598.81, ""0-6"": 2936.0, ""1-0"": 10.7, ""1-1"": 8.15, ""1-2"": 12.48, ""1-3"": 28.79, ""1-4"": 88.84, ""1-5"": 343.76, ""1-6"": 1600.65, ""2-0"": 16.71, ""2-1"": 11.93, ""2-2"": 17.18, ""2-3"": 37.37, ""2-4"": 109.08, ""2-5"": 400.32, ""2-6"": 1772.22, ""3-0"": 39.16, ""3-1"": 26.31, ""3-2"": 35.72, ""3-3"": 73.47, ""3-4"": 203.25, ""3-5"": 708.56, ""3-6"": 2986.1, ""4-0"": 122.34, ""4-1"": 77.59, ""4-2"": 99.66, ""4-3"": 194.28, ""4-4"": 510.42, ""4-5"": 1692.95, ""4-6"": 6800.36, ""5-0"": 477.79, ""5-1"": 286.96, ""5-2"": 349.6, ""5-3"": 647.38, ""5-4"": 1618.2, ""5-5"": 5114.56, ""5-6"": 19607.42, ""6-0"": 2239.19, ""6-1"": 1277.15, ""6-2"": 1479.36, ""6-3"": 2607.78, ""6-4"": 6213.13, ""6-5"": 18741.72, ""6-6"": 68660.38}"
2026-10-09T22:27:05+00:00,26-27,8,2026-10-12 20:00:00,Levante,Sevilla,0.4784,0.2703,0.2513,2.09,3.7,3.98,1.41,0.9413,0.113,1649.1528538141777,1688.1233161080024,1140,la_liga,2026-10-09T13:01:29+00:00,69,076ebec6573b-c9d046,"{""0-0"": 11.76, ""0-1"": 12.49, ""0-2"": 26.53, ""0-3"": 84.57, ""0-4"": 359.36, ""0-5"": 1908.85, ""0-6"": 12167.31, ""1-0"": 8.34, ""1-1"": 8.16, ""1-2"": 16.08, ""1-3"": 47.77, ""1-4"": 190.12, ""1-5"": 949.58, ""1-6"": 5711.73, ""2-0"": 11.83, ""2-1"": 10.74, ""2-2"": 19.7, ""2-3"": 54.73, ""2-4"": 204.47, ""2-5"": 961.92, ""2-6"": 5466.7, ""3-0"": 25.16, ""3-1"": 21.29, ""3-2"": 36.54, ""3-3"": 95.25, ""3-4"": 334.81, ""3-5"": 1486.3, ""3-6"": 7991.67, ""4-0"": 71.38, ""4-1"": 56.57, ""4-2"": 91.13, ""4-3"": 223.51, ""4-4"": 741.06, ""4-5"": 3110.07, ""4-6"": 15844.33, ""5-0"": 253.11, ""5-1"": 188.61, ""5-2"": 286.19, ""5-3"": 662.4, ""5-4"": 2076.24, ""5-5"": 8253.0, ""5-6"": 39897.22, ""6-0"": 1077.06, ""6-1"": 757.37, ""6-2"": 1085.82, ""6-3"": 2377.72, ""6-4"": 7061.38, ""6-5"": 26634.86, ""6-6"": 122369.36}"
